Age,Weight,Height
Age,Weight,Neck
Age,Weight,Chest
Age,Weight,Abdomen
Age,Weight,Hip
Age,Weight,Thigh
Age,Weight,Knee
Age,Weight,Ankle
Age,Weight,Biceps
Age,Weight,Forearm
Age,Weight,Wrist
Age,Weight,log(Age)
Age,Weight,log(Weight)
Age,Weight,log(Height)
Age,Weight,log(Neck)
Age,Weight,log(Chest)
Age,Weight,log(Abdomen)
Age,Weight,log(Hip)
Age,Weight,log(Thigh)
Age,Weight,log(Knee)
Age,Weight,log(Ankle)
Age,Weight,log(Biceps)
Age,Weight,log(Forearm)
Age,Weight,log(Wrist)
Age,Weight,sin(Age)
Age,Weight,sin(Weight)
Age,Weight,sin(Height)
Age,Weight,sin(Neck)
Age,Weight,sin(Chest)
Age,Weight,sin(Abdomen)
Age,Weight,sin(Hip)
Age,Weight,sin(Thigh)
Age,Weight,sin(Knee)
Age,Weight,sin(Ankle)
Age,Weight,sin(Biceps)
Age,Weight,sin(Forearm)
Age,Weight,sin(Wrist)
Age,Weight,Age^2
Age,Weight,Weight^2
Age,Weight,Height^2
Age,Weight,Neck^2
Age,Weight,Chest^2
Age,Weight,Abdomen^2
Age,Weight,Hip^2
Age,Weight,Thigh^2
Age,Weight,Knee^2
Age,Weight,Ankle^2
Age,Weight,Biceps^2
Age,Weight,Forearm^2
Age,Weight,Wrist^2
Age,Height,Neck
Age,Height,Chest
Age,Height,Abdomen
Age,Height,Hip
Age,Height,Thigh
Age,Height,Knee
Age,Height,Ankle
Age,Height,Biceps
Age,Height,Forearm
Age,Height,Wrist
Age,Height,log(Age)
Age,Height,log(Weight)
Age,Height,log(Height)
Age,Height,log(Neck)
Age,Height,log(Chest)
Age,Height,log(Abdomen)
Age,Height,log(Hip)
Age,Height,log(Thigh)
Age,Height,log(Knee)
Age,Height,log(Ankle)
Age,Height,log(Biceps)
Age,Height,log(Forearm)
Age,Height,log(Wrist)
Age,Height,sin(Age)
Age,Height,sin(Weight)
Age,Height,sin(Height)
Age,Height,sin(Neck)
Age,Height,sin(Chest)
Age,Height,sin(Abdomen)
Age,Height,sin(Hip)
Age,Height,sin(Thigh)
Age,Height,sin(Knee)
Age,Height,sin(Ankle)
Age,Height,sin(Biceps)
Age,Height,sin(Forearm)
Age,Height,sin(Wrist)
Age,Height,Age^2
Age,Height,Weight^2
Age,Height,Height^2
Age,Height,Neck^2
Age,Height,Chest^2
Age,Height,Abdomen^2
Age,Height,Hip^2
Age,Height,Thigh^2
Age,Height,Knee^2
Age,Height,Ankle^2
Age,Height,Biceps^2
Age,Height,Forearm^2
Age,Height,Wrist^2
Age,Neck,Chest
Age,Neck,Abdomen
Age,Neck,Hip
Age,Neck,Thigh
Age,Neck,Knee
Age,Neck,Ankle
Age,Neck,Biceps
Age,Neck,Forearm
Age,Neck,Wrist
Age,Neck,log(Age)
Age,Neck,log(Weight)
Age,Neck,log(Height)
Age,Neck,log(Neck)
Age,Neck,log(Chest)
Age,Neck,log(Abdomen)
Age,Neck,log(Hip)
Age,Neck,log(Thigh)
Age,Neck,log(Knee)
Age,Neck,log(Ankle)
Age,Neck,log(Biceps)
Age,Neck,log(Forearm)
Age,Neck,log(Wrist)
Age,Neck,sin(Age)
Age,Neck,sin(Weight)
Age,Neck,sin(Height)
Age,Neck,sin(Neck)
Age,Neck,sin(Chest)
Age,Neck,sin(Abdomen)
Age,Neck,sin(Hip)
Age,Neck,sin(Thigh)
Age,Neck,sin(Knee)
Age,Neck,sin(Ankle)
Age,Neck,sin(Biceps)
Age,Neck,sin(Forearm)
Age,Neck,sin(Wrist)
Age,Neck,Age^2
Age,Neck,Weight^2
Age,Neck,Height^2
Age,Neck,Neck^2
Age,Neck,Chest^2
Age,Neck,Abdomen^2
Age,Neck,Hip^2
Age,Neck,Thigh^2
Age,Neck,Knee^2
Age,Neck,Ankle^2
Age,Neck,Biceps^2
Age,Neck,Forearm^2
Age,Neck,Wrist^2
Age,Chest,Abdomen
Age,Chest,Hip
Age,Chest,Thigh
Age,Chest,Knee
Age,Chest,Ankle
Age,Chest,Biceps
Age,Chest,Forearm
Age,Chest,Wrist
Age,Chest,log(Age)
Age,Chest,log(Weight)
Age,Chest,log(Height)
Age,Chest,log(Neck)
Age,Chest,log(Chest)
Age,Chest,log(Abdomen)
Age,Chest,log(Hip)
Age,Chest,log(Thigh)
Age,Chest,log(Knee)
Age,Chest,log(Ankle)
Age,Chest,log(Biceps)
Age,Chest,log(Forearm)
Age,Chest,log(Wrist)
Age,Chest,sin(Age)
Age,Chest,sin(Weight)
Age,Chest,sin(Height)
Age,Chest,sin(Neck)
Age,Chest,sin(Chest)
Age,Chest,sin(Abdomen)
Age,Chest,sin(Hip)
Age,Chest,sin(Thigh)
Age,Chest,sin(Knee)
Age,Chest,sin(Ankle)
Age,Chest,sin(Biceps)
Age,Chest,sin(Forearm)
Age,Chest,sin(Wrist)
Age,Chest,Age^2
Age,Chest,Weight^2
Age,Chest,Height^2
Age,Chest,Neck^2
Age,Chest,Chest^2
Age,Chest,Abdomen^2
Age,Chest,Hip^2
Age,Chest,Thigh^2
Age,Chest,Knee^2
Age,Chest,Ankle^2
Age,Chest,Biceps^2
Age,Chest,Forearm^2
Age,Chest,Wrist^2
Age,Abdomen,Hip
Age,Abdomen,Thigh
Age,Abdomen,Knee
Age,Abdomen,Ankle
Age,Abdomen,Biceps
Age,Abdomen,Forearm
Age,Abdomen,Wrist
Age,Abdomen,log(Age)
Age,Abdomen,log(Weight)
Age,Abdomen,log(Height)
Age,Abdomen,log(Neck)
Age,Abdomen,log(Chest)
Age,Abdomen,log(Abdomen)
Age,Abdomen,log(Hip)
Age,Abdomen,log(Thigh)
Age,Abdomen,log(Knee)
Age,Abdomen,log(Ankle)
Age,Abdomen,log(Biceps)
Age,Abdomen,log(Forearm)
Age,Abdomen,log(Wrist)
Age,Abdomen,sin(Age)
Age,Abdomen,sin(Weight)
Age,Abdomen,sin(Height)
Age,Abdomen,sin(Neck)
Age,Abdomen,sin(Chest)
Age,Abdomen,sin(Abdomen)
Age,Abdomen,sin(Hip)
Age,Abdomen,sin(Thigh)
Age,Abdomen,sin(Knee)
Age,Abdomen,sin(Ankle)
Age,Abdomen,sin(Biceps)
Age,Abdomen,sin(Forearm)
Age,Abdomen,sin(Wrist)
Age,Abdomen,Age^2
Age,Abdomen,Weight^2
Age,Abdomen,Height^2
Age,Abdomen,Neck^2
Age,Abdomen,Chest^2
Age,Abdomen,Abdomen^2
Age,Abdomen,Hip^2
Age,Abdomen,Thigh^2
Age,Abdomen,Knee^2
Age,Abdomen,Ankle^2
Age,Abdomen,Biceps^2
Age,Abdomen,Forearm^2
Age,Abdomen,Wrist^2
Age,Hip,Thigh
Age,Hip,Knee
Age,Hip,Ankle
Age,Hip,Biceps
Age,Hip,Forearm
Age,Hip,Wrist
Age,Hip,log(Age)
Age,Hip,log(Weight)
Age,Hip,log(Height)
Age,Hip,log(Neck)
Age,Hip,log(Chest)
Age,Hip,log(Abdomen)
Age,Hip,log(Hip)
Age,Hip,log(Thigh)
Age,Hip,log(Knee)
Age,Hip,log(Ankle)
Age,Hip,log(Biceps)
Age,Hip,log(Forearm)
Age,Hip,log(Wrist)
Age,Hip,sin(Age)
Age,Hip,sin(Weight)
Age,Hip,sin(Height)
Age,Hip,sin(Neck)
Age,Hip,sin(Chest)
Age,Hip,sin(Abdomen)
Age,Hip,sin(Hip)
Age,Hip,sin(Thigh)
Age,Hip,sin(Knee)
Age,Hip,sin(Ankle)
Age,Hip,sin(Biceps)
Age,Hip,sin(Forearm)
Age,Hip,sin(Wrist)
Age,Hip,Age^2
Age,Hip,Weight^2
Age,Hip,Height^2
Age,Hip,Neck^2
Age,Hip,Chest^2
Age,Hip,Abdomen^2
Age,Hip,Hip^2
Age,Hip,Thigh^2
Age,Hip,Knee^2
Age,Hip,Ankle^2
Age,Hip,Biceps^2
Age,Hip,Forearm^2
Age,Hip,Wrist^2
Age,Thigh,Knee
Age,Thigh,Ankle
Age,Thigh,Biceps
Age,Thigh,Forearm
Age,Thigh,Wrist
Age,Thigh,log(Age)
Age,Thigh,log(Weight)
Age,Thigh,log(Height)
Age,Thigh,log(Neck)
Age,Thigh,log(Chest)
Age,Thigh,log(Abdomen)
Age,Thigh,log(Hip)
Age,Thigh,log(Thigh)
Age,Thigh,log(Knee)
Age,Thigh,log(Ankle)
Age,Thigh,log(Biceps)
Age,Thigh,log(Forearm)
Age,Thigh,log(Wrist)
Age,Thigh,sin(Age)
Age,Thigh,sin(Weight)
Age,Thigh,sin(Height)
Age,Thigh,sin(Neck)
Age,Thigh,sin(Chest)
Age,Thigh,sin(Abdomen)
Age,Thigh,sin(Hip)
Age,Thigh,sin(Thigh)
Age,Thigh,sin(Knee)
Age,Thigh,sin(Ankle)
Age,Thigh,sin(Biceps)
Age,Thigh,sin(Forearm)
Age,Thigh,sin(Wrist)
Age,Thigh,Age^2
Age,Thigh,Weight^2
Age,Thigh,Height^2
Age,Thigh,Neck^2
Age,Thigh,Chest^2
Age,Thigh,Abdomen^2
Age,Thigh,Hip^2
Age,Thigh,Thigh^2
Age,Thigh,Knee^2
Age,Thigh,Ankle^2
Age,Thigh,Biceps^2
Age,Thigh,Forearm^2
Age,Thigh,Wrist^2
Age,Knee,Ankle
Age,Knee,Biceps
Age,Knee,Forearm
Age,Knee,Wrist
Age,Knee,log(Age)
Age,Knee,log(Weight)
Age,Knee,log(Height)
Age,Knee,log(Neck)
Age,Knee,log(Chest)
Age,Knee,log(Abdomen)
Age,Knee,log(Hip)
Age,Knee,log(Thigh)
Age,Knee,log(Knee)
Age,Knee,log(Ankle)
Age,Knee,log(Biceps)
Age,Knee,log(Forearm)
Age,Knee,log(Wrist)
Age,Knee,sin(Age)
Age,Knee,sin(Weight)
Age,Knee,sin(Height)
Age,Knee,sin(Neck)
Age,Knee,sin(Chest)
Age,Knee,sin(Abdomen)
Age,Knee,sin(Hip)
Age,Knee,sin(Thigh)
Age,Knee,sin(Knee)
Age,Knee,sin(Ankle)
Age,Knee,sin(Biceps)
Age,Knee,sin(Forearm)
Age,Knee,sin(Wrist)
Age,Knee,Age^2
Age,Knee,Weight^2
Age,Knee,Height^2
Age,Knee,Neck^2
Age,Knee,Chest^2
Age,Knee,Abdomen^2
Age,Knee,Hip^2
Age,Knee,Thigh^2
Age,Knee,Knee^2
Age,Knee,Ankle^2
Age,Knee,Biceps^2
Age,Knee,Forearm^2
Age,Knee,Wrist^2
Age,Ankle,Biceps
Age,Ankle,Forearm
Age,Ankle,Wrist
Age,Ankle,log(Age)
Age,Ankle,log(Weight)
Age,Ankle,log(Height)
Age,Ankle,log(Neck)
Age,Ankle,log(Chest)
Age,Ankle,log(Abdomen)
Age,Ankle,log(Hip)
Age,Ankle,log(Thigh)
Age,Ankle,log(Knee)
Age,Ankle,log(Ankle)
Age,Ankle,log(Biceps)
Age,Ankle,log(Forearm)
Age,Ankle,log(Wrist)
Age,Ankle,sin(Age)
Age,Ankle,sin(Weight)
Age,Ankle,sin(Height)
Age,Ankle,sin(Neck)
Age,Ankle,sin(Chest)
Age,Ankle,sin(Abdomen)
Age,Ankle,sin(Hip)
Age,Ankle,sin(Thigh)
Age,Ankle,sin(Knee)
Age,Ankle,sin(Ankle)
Age,Ankle,sin(Biceps)
Age,Ankle,sin(Forearm)
Age,Ankle,sin(Wrist)
Age,Ankle,Age^2
Age,Ankle,Weight^2
Age,Ankle,Height^2
Age,Ankle,Neck^2
Age,Ankle,Chest^2
Age,Ankle,Abdomen^2
Age,Ankle,Hip^2
Age,Ankle,Thigh^2
Age,Ankle,Knee^2
Age,Ankle,Ankle^2
Age,Ankle,Biceps^2
Age,Ankle,Forearm^2
Age,Ankle,Wrist^2
Age,Biceps,Forearm
Age,Biceps,Wrist
Age,Biceps,log(Age)
Age,Biceps,log(Weight)
Age,Biceps,log(Height)
Age,Biceps,log(Neck)
Age,Biceps,log(Chest)
Age,Biceps,log(Abdomen)
Age,Biceps,log(Hip)
Age,Biceps,log(Thigh)
Age,Biceps,log(Knee)
Age,Biceps,log(Ankle)
Age,Biceps,log(Biceps)
Age,Biceps,log(Forearm)
Age,Biceps,log(Wrist)
Age,Biceps,sin(Age)
Age,Biceps,sin(Weight)
Age,Biceps,sin(Height)
Age,Biceps,sin(Neck)
Age,Biceps,sin(Chest)
Age,Biceps,sin(Abdomen)
Age,Biceps,sin(Hip)
Age,Biceps,sin(Thigh)
Age,Biceps,sin(Knee)
Age,Biceps,sin(Ankle)
Age,Biceps,sin(Biceps)
Age,Biceps,sin(Forearm)
Age,Biceps,sin(Wrist)
Age,Biceps,Age^2
Age,Biceps,Weight^2
Age,Biceps,Height^2
Age,Biceps,Neck^2
Age,Biceps,Chest^2
Age,Biceps,Abdomen^2
Age,Biceps,Hip^2
Age,Biceps,Thigh^2
Age,Biceps,Knee^2
Age,Biceps,Ankle^2
Age,Biceps,Biceps^2
Age,Biceps,Forearm^2
Age,Biceps,Wrist^2
Age,Forearm,Wrist
Age,Forearm,log(Age)
Age,Forearm,log(Weight)
Age,Forearm,log(Height)
Age,Forearm,log(Neck)
Age,Forearm,log(Chest)
Age,Forearm,log(Abdomen)
Age,Forearm,log(Hip)
Age,Forearm,log(Thigh)
Age,Forearm,log(Knee)
Age,Forearm,log(Ankle)
Age,Forearm,log(Biceps)
Age,Forearm,log(Forearm)
Age,Forearm,log(Wrist)
Age,Forearm,sin(Age)
Age,Forearm,sin(Weight)
Age,Forearm,sin(Height)
Age,Forearm,sin(Neck)
Age,Forearm,sin(Chest)
Age,Forearm,sin(Abdomen)
Age,Forearm,sin(Hip)
Age,Forearm,sin(Thigh)
Age,Forearm,sin(Knee)
Age,Forearm,sin(Ankle)
Age,Forearm,sin(Biceps)
Age,Forearm,sin(Forearm)
Age,Forearm,sin(Wrist)
Age,Forearm,Age^2
Age,Forearm,Weight^2
Age,Forearm,Height^2
Age,Forearm,Neck^2
Age,Forearm,Chest^2
Age,Forearm,Abdomen^2
Age,Forearm,Hip^2
Age,Forearm,Thigh^2
Age,Forearm,Knee^2
Age,Forearm,Ankle^2
Age,Forearm,Biceps^2
Age,Forearm,Forearm^2
Age,Forearm,Wrist^2
Age,Wrist,log(Age)
Age,Wrist,log(Weight)
Age,Wrist,log(Height)
Age,Wrist,log(Neck)
Age,Wrist,log(Chest)
Age,Wrist,log(Abdomen)
Age,Wrist,log(Hip)
Age,Wrist,log(Thigh)
Age,Wrist,log(Knee)
Age,Wrist,log(Ankle)
Age,Wrist,log(Biceps)
Age,Wrist,log(Forearm)
Age,Wrist,log(Wrist)
Age,Wrist,sin(Age)
Age,Wrist,sin(Weight)
Age,Wrist,sin(Height)
Age,Wrist,sin(Neck)
Age,Wrist,sin(Chest)
Age,Wrist,sin(Abdomen)
Age,Wrist,sin(Hip)
Age,Wrist,sin(Thigh)
Age,Wrist,sin(Knee)
Age,Wrist,sin(Ankle)
Age,Wrist,sin(Biceps)
Age,Wrist,sin(Forearm)
Age,Wrist,sin(Wrist)
Age,Wrist,Age^2
Age,Wrist,Weight^2
Age,Wrist,Height^2
Age,Wrist,Neck^2
Age,Wrist,Chest^2
Age,Wrist,Abdomen^2
Age,Wrist,Hip^2
Age,Wrist,Thigh^2
Age,Wrist,Knee^2
Age,Wrist,Ankle^2
Age,Wrist,Biceps^2
Age,Wrist,Forearm^2
Age,Wrist,Wrist^2
Age,log(Age),log(Weight)
Age,log(Age),log(Height)
Age,log(Age),log(Neck)
Age,log(Age),log(Chest)
Age,log(Age),log(Abdomen)
Age,log(Age),log(Hip)
Age,log(Age),log(Thigh)
Age,log(Age),log(Knee)
Age,log(Age),log(Ankle)
Age,log(Age),log(Biceps)
Age,log(Age),log(Forearm)
Age,log(Age),log(Wrist)
Age,log(Age),sin(Age)
Age,log(Age),sin(Weight)
Age,log(Age),sin(Height)
Age,log(Age),sin(Neck)
Age,log(Age),sin(Chest)
Age,log(Age),sin(Abdomen)
Age,log(Age),sin(Hip)
Age,log(Age),sin(Thigh)
Age,log(Age),sin(Knee)
Age,log(Age),sin(Ankle)
Age,log(Age),sin(Biceps)
Age,log(Age),sin(Forearm)
Age,log(Age),sin(Wrist)
Age,log(Age),Age^2
Age,log(Age),Weight^2
Age,log(Age),Height^2
Age,log(Age),Neck^2
Age,log(Age),Chest^2
Age,log(Age),Abdomen^2
Age,log(Age),Hip^2
Age,log(Age),Thigh^2
Age,log(Age),Knee^2
Age,log(Age),Ankle^2
Age,log(Age),Biceps^2
Age,log(Age),Forearm^2
Age,log(Age),Wrist^2
Age,log(Weight),log(Height)
Age,log(Weight),log(Neck)
Age,log(Weight),log(Chest)
Age,log(Weight),log(Abdomen)
Age,log(Weight),log(Hip)
Age,log(Weight),log(Thigh)
Age,log(Weight),log(Knee)
Age,log(Weight),log(Ankle)
Age,log(Weight),log(Biceps)
Age,log(Weight),log(Forearm)
Age,log(Weight),log(Wrist)
Age,log(Weight),sin(Age)
Age,log(Weight),sin(Weight)
Age,log(Weight),sin(Height)
Age,log(Weight),sin(Neck)
Age,log(Weight),sin(Chest)
Age,log(Weight),sin(Abdomen)
Age,log(Weight),sin(Hip)
Age,log(Weight),sin(Thigh)
Age,log(Weight),sin(Knee)
Age,log(Weight),sin(Ankle)
Age,log(Weight),sin(Biceps)
Age,log(Weight),sin(Forearm)
Age,log(Weight),sin(Wrist)
Age,log(Weight),Age^2
Age,log(Weight),Weight^2
Age,log(Weight),Height^2
Age,log(Weight),Neck^2
Age,log(Weight),Chest^2
Age,log(Weight),Abdomen^2
Age,log(Weight),Hip^2
Age,log(Weight),Thigh^2
Age,log(Weight),Knee^2
Age,log(Weight),Ankle^2
Age,log(Weight),Biceps^2
Age,log(Weight),Forearm^2
Age,log(Weight),Wrist^2
Age,log(Height),log(Neck)
Age,log(Height),log(Chest)
Age,log(Height),log(Abdomen)
Age,log(Height),log(Hip)
Age,log(Height),log(Thigh)
Age,log(Height),log(Knee)
Age,log(Height),log(Ankle)
Age,log(Height),log(Biceps)
Age,log(Height),log(Forearm)
Age,log(Height),log(Wrist)
Age,log(Height),sin(Age)
Age,log(Height),sin(Weight)
Age,log(Height),sin(Height)
Age,log(Height),sin(Neck)
Age,log(Height),sin(Chest)
Age,log(Height),sin(Abdomen)
Age,log(Height),sin(Hip)
Age,log(Height),sin(Thigh)
Age,log(Height),sin(Knee)
Age,log(Height),sin(Ankle)
Age,log(Height),sin(Biceps)
Age,log(Height),sin(Forearm)
Age,log(Height),sin(Wrist)
Age,log(Height),Age^2
Age,log(Height),Weight^2
Age,log(Height),Height^2
Age,log(Height),Neck^2
Age,log(Height),Chest^2
Age,log(Height),Abdomen^2
Age,log(Height),Hip^2
Age,log(Height),Thigh^2
Age,log(Height),Knee^2
Age,log(Height),Ankle^2
Age,log(Height),Biceps^2
Age,log(Height),Forearm^2
Age,log(Height),Wrist^2
Age,log(Neck),log(Chest)
Age,log(Neck),log(Abdomen)
Age,log(Neck),log(Hip)
Age,log(Neck),log(Thigh)
Age,log(Neck),log(Knee)
Age,log(Neck),log(Ankle)
Age,log(Neck),log(Biceps)
Age,log(Neck),log(Forearm)
Age,log(Neck),log(Wrist)
Age,log(Neck),sin(Age)
Age,log(Neck),sin(Weight)
Age,log(Neck),sin(Height)
Age,log(Neck),sin(Neck)
Age,log(Neck),sin(Chest)
Age,log(Neck),sin(Abdomen)
Age,log(Neck),sin(Hip)
Age,log(Neck),sin(Thigh)
Age,log(Neck),sin(Knee)
Age,log(Neck),sin(Ankle)
Age,log(Neck),sin(Biceps)
Age,log(Neck),sin(Forearm)
Age,log(Neck),sin(Wrist)
Age,log(Neck),Age^2
Age,log(Neck),Weight^2
Age,log(Neck),Height^2
Age,log(Neck),Neck^2
Age,log(Neck),Chest^2
Age,log(Neck),Abdomen^2
Age,log(Neck),Hip^2
Age,log(Neck),Thigh^2
Age,log(Neck),Knee^2
Age,log(Neck),Ankle^2
Age,log(Neck),Biceps^2
Age,log(Neck),Forearm^2
Age,log(Neck),Wrist^2
Age,log(Chest),log(Abdomen)
Age,log(Chest),log(Hip)
Age,log(Chest),log(Thigh)
Age,log(Chest),log(Knee)
Age,log(Chest),log(Ankle)
Age,log(Chest),log(Biceps)
Age,log(Chest),log(Forearm)
Age,log(Chest),log(Wrist)
Age,log(Chest),sin(Age)
Age,log(Chest),sin(Weight)
Age,log(Chest),sin(Height)
Age,log(Chest),sin(Neck)
Age,log(Chest),sin(Chest)
Age,log(Chest),sin(Abdomen)
Age,log(Chest),sin(Hip)
Age,log(Chest),sin(Thigh)
Age,log(Chest),sin(Knee)
Age,log(Chest),sin(Ankle)
Age,log(Chest),sin(Biceps)
Age,log(Chest),sin(Forearm)
Age,log(Chest),sin(Wrist)
Age,log(Chest),Age^2
Age,log(Chest),Weight^2
Age,log(Chest),Height^2
Age,log(Chest),Neck^2
Age,log(Chest),Chest^2
Age,log(Chest),Abdomen^2
Age,log(Chest),Hip^2
Age,log(Chest),Thigh^2
Age,log(Chest),Knee^2
Age,log(Chest),Ankle^2
Age,log(Chest),Biceps^2
Age,log(Chest),Forearm^2
Age,log(Chest),Wrist^2
Age,log(Abdomen),log(Hip)
Age,log(Abdomen),log(Thigh)
Age,log(Abdomen),log(Knee)
Age,log(Abdomen),log(Ankle)
Age,log(Abdomen),log(Biceps)
Age,log(Abdomen),log(Forearm)
Age,log(Abdomen),log(Wrist)
Age,log(Abdomen),sin(Age)
Age,log(Abdomen),sin(Weight)
Age,log(Abdomen),sin(Height)
Age,log(Abdomen),sin(Neck)
Age,log(Abdomen),sin(Chest)
Age,log(Abdomen),sin(Abdomen)
Age,log(Abdomen),sin(Hip)
Age,log(Abdomen),sin(Thigh)
Age,log(Abdomen),sin(Knee)
Age,log(Abdomen),sin(Ankle)
Age,log(Abdomen),sin(Biceps)
Age,log(Abdomen),sin(Forearm)
Age,log(Abdomen),sin(Wrist)
Age,log(Abdomen),Age^2
Age,log(Abdomen),Weight^2
Age,log(Abdomen),Height^2
Age,log(Abdomen),Neck^2
Age,log(Abdomen),Chest^2
Age,log(Abdomen),Abdomen^2
Age,log(Abdomen),Hip^2
Age,log(Abdomen),Thigh^2
Age,log(Abdomen),Knee^2
Age,log(Abdomen),Ankle^2
Age,log(Abdomen),Biceps^2
Age,log(Abdomen),Forearm^2
Age,log(Abdomen),Wrist^2
Age,log(Hip),log(Thigh)
Age,log(Hip),log(Knee)
Age,log(Hip),log(Ankle)
Age,log(Hip),log(Biceps)
Age,log(Hip),log(Forearm)
Age,log(Hip),log(Wrist)
Age,log(Hip),sin(Age)
Age,log(Hip),sin(Weight)
Age,log(Hip),sin(Height)
Age,log(Hip),sin(Neck)
Age,log(Hip),sin(Chest)
Age,log(Hip),sin(Abdomen)
Age,log(Hip),sin(Hip)
Age,log(Hip),sin(Thigh)
Age,log(Hip),sin(Knee)
Age,log(Hip),sin(Ankle)
Age,log(Hip),sin(Biceps)
Age,log(Hip),sin(Forearm)
Age,log(Hip),sin(Wrist)
Age,log(Hip),Age^2
Age,log(Hip),Weight^2
Age,log(Hip),Height^2
Age,log(Hip),Neck^2
Age,log(Hip),Chest^2
Age,log(Hip),Abdomen^2
Age,log(Hip),Hip^2
Age,log(Hip),Thigh^2
Age,log(Hip),Knee^2
Age,log(Hip),Ankle^2
Age,log(Hip),Biceps^2
Age,log(Hip),Forearm^2
Age,log(Hip),Wrist^2
Age,log(Thigh),log(Knee)
Age,log(Thigh),log(Ankle)
Age,log(Thigh),log(Biceps)
Age,log(Thigh),log(Forearm)
Age,log(Thigh),log(Wrist)
Age,log(Thigh),sin(Age)
Age,log(Thigh),sin(Weight)
Age,log(Thigh),sin(Height)
Age,log(Thigh),sin(Neck)
Age,log(Thigh),sin(Chest)
Age,log(Thigh),sin(Abdomen)
Age,log(Thigh),sin(Hip)
Age,log(Thigh),sin(Thigh)
Age,log(Thigh),sin(Knee)
Age,log(Thigh),sin(Ankle)
Age,log(Thigh),sin(Biceps)
Age,log(Thigh),sin(Forearm)
Age,log(Thigh),sin(Wrist)
Age,log(Thigh),Age^2
Age,log(Thigh),Weight^2
Age,log(Thigh),Height^2
Age,log(Thigh),Neck^2
Age,log(Thigh),Chest^2
Age,log(Thigh),Abdomen^2
Age,log(Thigh),Hip^2
Age,log(Thigh),Thigh^2
Age,log(Thigh),Knee^2
Age,log(Thigh),Ankle^2
Age,log(Thigh),Biceps^2
Age,log(Thigh),Forearm^2
Age,log(Thigh),Wrist^2
Age,log(Knee),log(Ankle)
Age,log(Knee),log(Biceps)
Age,log(Knee),log(Forearm)
Age,log(Knee),log(Wrist)
Age,log(Knee),sin(Age)
Age,log(Knee),sin(Weight)
Age,log(Knee),sin(Height)
Age,log(Knee),sin(Neck)
Age,log(Knee),sin(Chest)
Age,log(Knee),sin(Abdomen)
Age,log(Knee),sin(Hip)
Age,log(Knee),sin(Thigh)
Age,log(Knee),sin(Knee)
Age,log(Knee),sin(Ankle)
Age,log(Knee),sin(Biceps)
Age,log(Knee),sin(Forearm)
Age,log(Knee),sin(Wrist)
Age,log(Knee),Age^2
Age,log(Knee),Weight^2
Age,log(Knee),Height^2
Age,log(Knee),Neck^2
Age,log(Knee),Chest^2
Age,log(Knee),Abdomen^2
Age,log(Knee),Hip^2
Age,log(Knee),Thigh^2
Age,log(Knee),Knee^2
Age,log(Knee),Ankle^2
Age,log(Knee),Biceps^2
Age,log(Knee),Forearm^2
Age,log(Knee),Wrist^2
Age,log(Ankle),log(Biceps)
Age,log(Ankle),log(Forearm)
Age,log(Ankle),log(Wrist)
Age,log(Ankle),sin(Age)
Age,log(Ankle),sin(Weight)
Age,log(Ankle),sin(Height)
Age,log(Ankle),sin(Neck)
Age,log(Ankle),sin(Chest)
Age,log(Ankle),sin(Abdomen)
Age,log(Ankle),sin(Hip)
Age,log(Ankle),sin(Thigh)
Age,log(Ankle),sin(Knee)
Age,log(Ankle),sin(Ankle)
Age,log(Ankle),sin(Biceps)
Age,log(Ankle),sin(Forearm)
Age,log(Ankle),sin(Wrist)
Age,log(Ankle),Age^2
Age,log(Ankle),Weight^2
Age,log(Ankle),Height^2
Age,log(Ankle),Neck^2
Age,log(Ankle),Chest^2
Age,log(Ankle),Abdomen^2
Age,log(Ankle),Hip^2
Age,log(Ankle),Thigh^2
Age,log(Ankle),Knee^2
Age,log(Ankle),Ankle^2
Age,log(Ankle),Biceps^2
Age,log(Ankle),Forearm^2
Age,log(Ankle),Wrist^2
Age,log(Biceps),log(Forearm)
Age,log(Biceps),log(Wrist)
Age,log(Biceps),sin(Age)
Age,log(Biceps),sin(Weight)
Age,log(Biceps),sin(Height)
Age,log(Biceps),sin(Neck)
Age,log(Biceps),sin(Chest)
Age,log(Biceps),sin(Abdomen)
Age,log(Biceps),sin(Hip)
Age,log(Biceps),sin(Thigh)
Age,log(Biceps),sin(Knee)
Age,log(Biceps),sin(Ankle)
Age,log(Biceps),sin(Biceps)
Age,log(Biceps),sin(Forearm)
Age,log(Biceps),sin(Wrist)
Age,log(Biceps),Age^2
Age,log(Biceps),Weight^2
Age,log(Biceps),Height^2
Age,log(Biceps),Neck^2
Age,log(Biceps),Chest^2
Age,log(Biceps),Abdomen^2
Age,log(Biceps),Hip^2
Age,log(Biceps),Thigh^2
Age,log(Biceps),Knee^2
Age,log(Biceps),Ankle^2
Age,log(Biceps),Biceps^2
Age,log(Biceps),Forearm^2
Age,log(Biceps),Wrist^2
Age,log(Forearm),log(Wrist)
Age,log(Forearm),sin(Age)
Age,log(Forearm),sin(Weight)
Age,log(Forearm),sin(Height)
Age,log(Forearm),sin(Neck)
Age,log(Forearm),sin(Chest)
Age,log(Forearm),sin(Abdomen)
Age,log(Forearm),sin(Hip)
Age,log(Forearm),sin(Thigh)
Age,log(Forearm),sin(Knee)
Age,log(Forearm),sin(Ankle)
Age,log(Forearm),sin(Biceps)
Age,log(Forearm),sin(Forearm)
Age,log(Forearm),sin(Wrist)
Age,log(Forearm),Age^2
Age,log(Forearm),Weight^2
Age,log(Forearm),Height^2
Age,log(Forearm),Neck^2
Age,log(Forearm),Chest^2
Age,log(Forearm),Abdomen^2
Age,log(Forearm),Hip^2
Age,log(Forearm),Thigh^2
Age,log(Forearm),Knee^2
Age,log(Forearm),Ankle^2
Age,log(Forearm),Biceps^2
Age,log(Forearm),Forearm^2
Age,log(Forearm),Wrist^2
Age,log(Wrist),sin(Age)
Age,log(Wrist),sin(Weight)
Age,log(Wrist),sin(Height)
Age,log(Wrist),sin(Neck)
Age,log(Wrist),sin(Chest)
Age,log(Wrist),sin(Abdomen)
Age,log(Wrist),sin(Hip)
Age,log(Wrist),sin(Thigh)
Age,log(Wrist),sin(Knee)
Age,log(Wrist),sin(Ankle)
Age,log(Wrist),sin(Biceps)
Age,log(Wrist),sin(Forearm)
Age,log(Wrist),sin(Wrist)
Age,log(Wrist),Age^2
Age,log(Wrist),Weight^2
Age,log(Wrist),Height^2
Age,log(Wrist),Neck^2
Age,log(Wrist),Chest^2
Age,log(Wrist),Abdomen^2
Age,log(Wrist),Hip^2
Age,log(Wrist),Thigh^2
Age,log(Wrist),Knee^2
Age,log(Wrist),Ankle^2
Age,log(Wrist),Biceps^2
Age,log(Wrist),Forearm^2
Age,log(Wrist),Wrist^2
Age,sin(Age),sin(Weight)
Age,sin(Age),sin(Height)
Age,sin(Age),sin(Neck)
Age,sin(Age),sin(Chest)
Age,sin(Age),sin(Abdomen)
Age,sin(Age),sin(Hip)
Age,sin(Age),sin(Thigh)
Age,sin(Age),sin(Knee)
Age,sin(Age),sin(Ankle)
Age,sin(Age),sin(Biceps)
Age,sin(Age),sin(Forearm)
Age,sin(Age),sin(Wrist)
Age,sin(Age),Age^2
Age,sin(Age),Weight^2
Age,sin(Age),Height^2
Age,sin(Age),Neck^2
Age,sin(Age),Chest^2
Age,sin(Age),Abdomen^2
Age,sin(Age),Hip^2
Age,sin(Age),Thigh^2
Age,sin(Age),Knee^2
Age,sin(Age),Ankle^2
Age,sin(Age),Biceps^2
Age,sin(Age),Forearm^2
Age,sin(Age),Wrist^2
Age,sin(Weight),sin(Height)
Age,sin(Weight),sin(Neck)
Age,sin(Weight),sin(Chest)
Age,sin(Weight),sin(Abdomen)
Age,sin(Weight),sin(Hip)
Age,sin(Weight),sin(Thigh)
Age,sin(Weight),sin(Knee)
Age,sin(Weight),sin(Ankle)
Age,sin(Weight),sin(Biceps)
Age,sin(Weight),sin(Forearm)
Age,sin(Weight),sin(Wrist)
Age,sin(Weight),Age^2
Age,sin(Weight),Weight^2
Age,sin(Weight),Height^2
Age,sin(Weight),Neck^2
Age,sin(Weight),Chest^2
Age,sin(Weight),Abdomen^2
Age,sin(Weight),Hip^2
Age,sin(Weight),Thigh^2
Age,sin(Weight),Knee^2
Age,sin(Weight),Ankle^2
Age,sin(Weight),Biceps^2
Age,sin(Weight),Forearm^2
Age,sin(Weight),Wrist^2
Age,sin(Height),sin(Neck)
Age,sin(Height),sin(Chest)
Age,sin(Height),sin(Abdomen)
Age,sin(Height),sin(Hip)
Age,sin(Height),sin(Thigh)
Age,sin(Height),sin(Knee)
Age,sin(Height),sin(Ankle)
Age,sin(Height),sin(Biceps)
Age,sin(Height),sin(Forearm)
Age,sin(Height),sin(Wrist)
Age,sin(Height),Age^2
Age,sin(Height),Weight^2
Age,sin(Height),Height^2
Age,sin(Height),Neck^2
Age,sin(Height),Chest^2
Age,sin(Height),Abdomen^2
Age,sin(Height),Hip^2
Age,sin(Height),Thigh^2
Age,sin(Height),Knee^2
Age,sin(Height),Ankle^2
Age,sin(Height),Biceps^2
Age,sin(Height),Forearm^2
Age,sin(Height),Wrist^2
Age,sin(Neck),sin(Chest)
Age,sin(Neck),sin(Abdomen)
Age,sin(Neck),sin(Hip)
Age,sin(Neck),sin(Thigh)
Age,sin(Neck),sin(Knee)
Age,sin(Neck),sin(Ankle)
Age,sin(Neck),sin(Biceps)
Age,sin(Neck),sin(Forearm)
Age,sin(Neck),sin(Wrist)
Age,sin(Neck),Age^2
Age,sin(Neck),Weight^2
Age,sin(Neck),Height^2
Age,sin(Neck),Neck^2
Age,sin(Neck),Chest^2
Age,sin(Neck),Abdomen^2
Age,sin(Neck),Hip^2
Age,sin(Neck),Thigh^2
Age,sin(Neck),Knee^2
Age,sin(Neck),Ankle^2
Age,sin(Neck),Biceps^2
Age,sin(Neck),Forearm^2
Age,sin(Neck),Wrist^2
Age,sin(Chest),sin(Abdomen)
Age,sin(Chest),sin(Hip)
Age,sin(Chest),sin(Thigh)
Age,sin(Chest),sin(Knee)
Age,sin(Chest),sin(Ankle)
Age,sin(Chest),sin(Biceps)
Age,sin(Chest),sin(Forearm)
Age,sin(Chest),sin(Wrist)
Age,sin(Chest),Age^2
Age,sin(Chest),Weight^2
Age,sin(Chest),Height^2
Age,sin(Chest),Neck^2
Age,sin(Chest),Chest^2
Age,sin(Chest),Abdomen^2
Age,sin(Chest),Hip^2
Age,sin(Chest),Thigh^2
Age,sin(Chest),Knee^2
Age,sin(Chest),Ankle^2
Age,sin(Chest),Biceps^2
Age,sin(Chest),Forearm^2
Age,sin(Chest),Wrist^2
Age,sin(Abdomen),sin(Hip)
Age,sin(Abdomen),sin(Thigh)
Age,sin(Abdomen),sin(Knee)
Age,sin(Abdomen),sin(Ankle)
Age,sin(Abdomen),sin(Biceps)
Age,sin(Abdomen),sin(Forearm)
Age,sin(Abdomen),sin(Wrist)
Age,sin(Abdomen),Age^2
Age,sin(Abdomen),Weight^2
Age,sin(Abdomen),Height^2
Age,sin(Abdomen),Neck^2
Age,sin(Abdomen),Chest^2
Age,sin(Abdomen),Abdomen^2
Age,sin(Abdomen),Hip^2
Age,sin(Abdomen),Thigh^2
Age,sin(Abdomen),Knee^2
Age,sin(Abdomen),Ankle^2
Age,sin(Abdomen),Biceps^2
Age,sin(Abdomen),Forearm^2
Age,sin(Abdomen),Wrist^2
Age,sin(Hip),sin(Thigh)
Age,sin(Hip),sin(Knee)
Age,sin(Hip),sin(Ankle)
Age,sin(Hip),sin(Biceps)
Age,sin(Hip),sin(Forearm)
Age,sin(Hip),sin(Wrist)
Age,sin(Hip),Age^2
Age,sin(Hip),Weight^2
Age,sin(Hip),Height^2
Age,sin(Hip),Neck^2
Age,sin(Hip),Chest^2
Age,sin(Hip),Abdomen^2
Age,sin(Hip),Hip^2
Age,sin(Hip),Thigh^2
Age,sin(Hip),Knee^2
Age,sin(Hip),Ankle^2
Age,sin(Hip),Biceps^2
Age,sin(Hip),Forearm^2
Age,sin(Hip),Wrist^2
Age,sin(Thigh),sin(Knee)
Age,sin(Thigh),sin(Ankle)
Age,sin(Thigh),sin(Biceps)
Age,sin(Thigh),sin(Forearm)
Age,sin(Thigh),sin(Wrist)
Age,sin(Thigh),Age^2
Age,sin(Thigh),Weight^2
Age,sin(Thigh),Height^2
Age,sin(Thigh),Neck^2
Age,sin(Thigh),Chest^2
Age,sin(Thigh),Abdomen^2
Age,sin(Thigh),Hip^2
Age,sin(Thigh),Thigh^2
Age,sin(Thigh),Knee^2
Age,sin(Thigh),Ankle^2
Age,sin(Thigh),Biceps^2
Age,sin(Thigh),Forearm^2
Age,sin(Thigh),Wrist^2
Age,sin(Knee),sin(Ankle)
Age,sin(Knee),sin(Biceps)
Age,sin(Knee),sin(Forearm)
Age,sin(Knee),sin(Wrist)
Age,sin(Knee),Age^2
Age,sin(Knee),Weight^2
Age,sin(Knee),Height^2
Age,sin(Knee),Neck^2
Age,sin(Knee),Chest^2
Age,sin(Knee),Abdomen^2
Age,sin(Knee),Hip^2
Age,sin(Knee),Thigh^2
Age,sin(Knee),Knee^2
Age,sin(Knee),Ankle^2
Age,sin(Knee),Biceps^2
Age,sin(Knee),Forearm^2
Age,sin(Knee),Wrist^2
Age,sin(Ankle),sin(Biceps)
Age,sin(Ankle),sin(Forearm)
Age,sin(Ankle),sin(Wrist)
Age,sin(Ankle),Age^2
Age,sin(Ankle),Weight^2
Age,sin(Ankle),Height^2
Age,sin(Ankle),Neck^2
Age,sin(Ankle),Chest^2
Age,sin(Ankle),Abdomen^2
Age,sin(Ankle),Hip^2
Age,sin(Ankle),Thigh^2
Age,sin(Ankle),Knee^2
Age,sin(Ankle),Ankle^2
Age,sin(Ankle),Biceps^2
Age,sin(Ankle),Forearm^2
Age,sin(Ankle),Wrist^2
Age,sin(Biceps),sin(Forearm)
Age,sin(Biceps),sin(Wrist)
Age,sin(Biceps),Age^2
Age,sin(Biceps),Weight^2
Age,sin(Biceps),Height^2
Age,sin(Biceps),Neck^2
Age,sin(Biceps),Chest^2
Age,sin(Biceps),Abdomen^2
Age,sin(Biceps),Hip^2
Age,sin(Biceps),Thigh^2
Age,sin(Biceps),Knee^2
Age,sin(Biceps),Ankle^2
Age,sin(Biceps),Biceps^2
Age,sin(Biceps),Forearm^2
Age,sin(Biceps),Wrist^2
Age,sin(Forearm),sin(Wrist)
Age,sin(Forearm),Age^2
Age,sin(Forearm),Weight^2
Age,sin(Forearm),Height^2
Age,sin(Forearm),Neck^2
Age,sin(Forearm),Chest^2
Age,sin(Forearm),Abdomen^2
Age,sin(Forearm),Hip^2
Age,sin(Forearm),Thigh^2
Age,sin(Forearm),Knee^2
Age,sin(Forearm),Ankle^2
Age,sin(Forearm),Biceps^2
Age,sin(Forearm),Forearm^2
Age,sin(Forearm),Wrist^2
Age,sin(Wrist),Age^2
Age,sin(Wrist),Weight^2
Age,sin(Wrist),Height^2
Age,sin(Wrist),Neck^2
Age,sin(Wrist),Chest^2
Age,sin(Wrist),Abdomen^2
Age,sin(Wrist),Hip^2
Age,sin(Wrist),Thigh^2
Age,sin(Wrist),Knee^2
Age,sin(Wrist),Ankle^2
Age,sin(Wrist),Biceps^2
Age,sin(Wrist),Forearm^2
Age,sin(Wrist),Wrist^2
Age,Age^2,Weight^2
Age,Age^2,Height^2
Age,Age^2,Neck^2
Age,Age^2,Chest^2
Age,Age^2,Abdomen^2
Age,Age^2,Hip^2
Age,Age^2,Thigh^2
Age,Age^2,Knee^2
Age,Age^2,Ankle^2
Age,Age^2,Biceps^2
Age,Age^2,Forearm^2
Age,Age^2,Wrist^2
Age,Weight^2,Height^2
Age,Weight^2,Neck^2
Age,Weight^2,Chest^2
Age,Weight^2,Abdomen^2
Age,Weight^2,Hip^2
Age,Weight^2,Thigh^2
Age,Weight^2,Knee^2
Age,Weight^2,Ankle^2
Age,Weight^2,Biceps^2
Age,Weight^2,Forearm^2
Age,Weight^2,Wrist^2
Age,Height^2,Neck^2
Age,Height^2,Chest^2
Age,Height^2,Abdomen^2
Age,Height^2,Hip^2
Age,Height^2,Thigh^2
Age,Height^2,Knee^2
Age,Height^2,Ankle^2
Age,Height^2,Biceps^2
Age,Height^2,Forearm^2
Age,Height^2,Wrist^2
Age,Neck^2,Chest^2
Age,Neck^2,Abdomen^2
Age,Neck^2,Hip^2
Age,Neck^2,Thigh^2
Age,Neck^2,Knee^2
Age,Neck^2,Ankle^2
Age,Neck^2,Biceps^2
Age,Neck^2,Forearm^2
Age,Neck^2,Wrist^2
Age,Chest^2,Abdomen^2
Age,Chest^2,Hip^2
Age,Chest^2,Thigh^2
Age,Chest^2,Knee^2
Age,Chest^2,Ankle^2
Age,Chest^2,Biceps^2
Age,Chest^2,Forearm^2
Age,Chest^2,Wrist^2
Age,Abdomen^2,Hip^2
Age,Abdomen^2,Thigh^2
Age,Abdomen^2,Knee^2
Age,Abdomen^2,Ankle^2
Age,Abdomen^2,Biceps^2
Age,Abdomen^2,Forearm^2
Age,Abdomen^2,Wrist^2
Age,Hip^2,Thigh^2
Age,Hip^2,Knee^2
Age,Hip^2,Ankle^2
Age,Hip^2,Biceps^2
Age,Hip^2,Forearm^2
Age,Hip^2,Wrist^2
Age,Thigh^2,Knee^2
Age,Thigh^2,Ankle^2
Age,Thigh^2,Biceps^2
Age,Thigh^2,Forearm^2
Age,Thigh^2,Wrist^2
Age,Knee^2,Ankle^2
Age,Knee^2,Biceps^2
Age,Knee^2,Forearm^2
Age,Knee^2,Wrist^2
Age,Ankle^2,Biceps^2
Age,Ankle^2,Forearm^2
Age,Ankle^2,Wrist^2
Age,Biceps^2,Forearm^2
Age,Biceps^2,Wrist^2
Age,Forearm^2,Wrist^2
Weight,Height,Neck
Weight,Height,Chest
Weight,Height,Abdomen
Weight,Height,Hip
Weight,Height,Thigh
Weight,Height,Knee
Weight,Height,Ankle
Weight,Height,Biceps
Weight,Height,Forearm
Weight,Height,Wrist
Weight,Height,log(Age)
Weight,Height,log(Weight)
Weight,Height,log(Height)
Weight,Height,log(Neck)
Weight,Height,log(Chest)
Weight,Height,log(Abdomen)
Weight,Height,log(Hip)
Weight,Height,log(Thigh)
Weight,Height,log(Knee)
Weight,Height,log(Ankle)
Weight,Height,log(Biceps)
Weight,Height,log(Forearm)
Weight,Height,log(Wrist)
Weight,Height,sin(Age)
Weight,Height,sin(Weight)
Weight,Height,sin(Height)
Weight,Height,sin(Neck)
Weight,Height,sin(Chest)
Weight,Height,sin(Abdomen)
Weight,Height,sin(Hip)
Weight,Height,sin(Thigh)
Weight,Height,sin(Knee)
Weight,Height,sin(Ankle)
Weight,Height,sin(Biceps)
Weight,Height,sin(Forearm)
Weight,Height,sin(Wrist)
Weight,Height,Age^2
Weight,Height,Weight^2
Weight,Height,Height^2
Weight,Height,Neck^2
Weight,Height,Chest^2
Weight,Height,Abdomen^2
Weight,Height,Hip^2
Weight,Height,Thigh^2
Weight,Height,Knee^2
Weight,Height,Ankle^2
Weight,Height,Biceps^2
Weight,Height,Forearm^2
Weight,Height,Wrist^2
Weight,Neck,Chest
Weight,Neck,Abdomen
Weight,Neck,Hip
Weight,Neck,Thigh
Weight,Neck,Knee
Weight,Neck,Ankle
Weight,Neck,Biceps
Weight,Neck,Forearm
Weight,Neck,Wrist
Weight,Neck,log(Age)
Weight,Neck,log(Weight)
Weight,Neck,log(Height)
Weight,Neck,log(Neck)
Weight,Neck,log(Chest)
Weight,Neck,log(Abdomen)
Weight,Neck,log(Hip)
Weight,Neck,log(Thigh)
Weight,Neck,log(Knee)
Weight,Neck,log(Ankle)
Weight,Neck,log(Biceps)
Weight,Neck,log(Forearm)
Weight,Neck,log(Wrist)
Weight,Neck,sin(Age)
Weight,Neck,sin(Weight)
Weight,Neck,sin(Height)
Weight,Neck,sin(Neck)
Weight,Neck,sin(Chest)
Weight,Neck,sin(Abdomen)
Weight,Neck,sin(Hip)
Weight,Neck,sin(Thigh)
Weight,Neck,sin(Knee)
Weight,Neck,sin(Ankle)
Weight,Neck,sin(Biceps)
Weight,Neck,sin(Forearm)
Weight,Neck,sin(Wrist)
Weight,Neck,Age^2
Weight,Neck,Weight^2
Weight,Neck,Height^2
Weight,Neck,Neck^2
Weight,Neck,Chest^2
Weight,Neck,Abdomen^2
Weight,Neck,Hip^2
Weight,Neck,Thigh^2
Weight,Neck,Knee^2
Weight,Neck,Ankle^2
Weight,Neck,Biceps^2
Weight,Neck,Forearm^2
Weight,Neck,Wrist^2
Weight,Chest,Abdomen
Weight,Chest,Hip
Weight,Chest,Thigh
Weight,Chest,Knee
Weight,Chest,Ankle
Weight,Chest,Biceps
Weight,Chest,Forearm
Weight,Chest,Wrist
Weight,Chest,log(Age)
Weight,Chest,log(Weight)
Weight,Chest,log(Height)
Weight,Chest,log(Neck)
Weight,Chest,log(Chest)
Weight,Chest,log(Abdomen)
Weight,Chest,log(Hip)
Weight,Chest,log(Thigh)
Weight,Chest,log(Knee)
Weight,Chest,log(Ankle)
Weight,Chest,log(Biceps)
Weight,Chest,log(Forearm)
Weight,Chest,log(Wrist)
Weight,Chest,sin(Age)
Weight,Chest,sin(Weight)
Weight,Chest,sin(Height)
Weight,Chest,sin(Neck)
Weight,Chest,sin(Chest)
Weight,Chest,sin(Abdomen)
Weight,Chest,sin(Hip)
Weight,Chest,sin(Thigh)
Weight,Chest,sin(Knee)
Weight,Chest,sin(Ankle)
Weight,Chest,sin(Biceps)
Weight,Chest,sin(Forearm)
Weight,Chest,sin(Wrist)
Weight,Chest,Age^2
Weight,Chest,Weight^2
Weight,Chest,Height^2
Weight,Chest,Neck^2
Weight,Chest,Chest^2
Weight,Chest,Abdomen^2
Weight,Chest,Hip^2
Weight,Chest,Thigh^2
Weight,Chest,Knee^2
Weight,Chest,Ankle^2
Weight,Chest,Biceps^2
Weight,Chest,Forearm^2
Weight,Chest,Wrist^2
Weight,Abdomen,Hip
Weight,Abdomen,Thigh
Weight,Abdomen,Knee
Weight,Abdomen,Ankle
Weight,Abdomen,Biceps
Weight,Abdomen,Forearm
Weight,Abdomen,Wrist
Weight,Abdomen,log(Age)
Weight,Abdomen,log(Weight)
Weight,Abdomen,log(Height)
Weight,Abdomen,log(Neck)
Weight,Abdomen,log(Chest)
Weight,Abdomen,log(Abdomen)
Weight,Abdomen,log(Hip)
Weight,Abdomen,log(Thigh)
Weight,Abdomen,log(Knee)
Weight,Abdomen,log(Ankle)
Weight,Abdomen,log(Biceps)
Weight,Abdomen,log(Forearm)
Weight,Abdomen,log(Wrist)
Weight,Abdomen,sin(Age)
Weight,Abdomen,sin(Weight)
Weight,Abdomen,sin(Height)
Weight,Abdomen,sin(Neck)
Weight,Abdomen,sin(Chest)
Weight,Abdomen,sin(Abdomen)
Weight,Abdomen,sin(Hip)
Weight,Abdomen,sin(Thigh)
Weight,Abdomen,sin(Knee)
Weight,Abdomen,sin(Ankle)
Weight,Abdomen,sin(Biceps)
Weight,Abdomen,sin(Forearm)
Weight,Abdomen,sin(Wrist)
Weight,Abdomen,Age^2
Weight,Abdomen,Weight^2
Weight,Abdomen,Height^2
Weight,Abdomen,Neck^2
Weight,Abdomen,Chest^2
Weight,Abdomen,Abdomen^2
Weight,Abdomen,Hip^2
Weight,Abdomen,Thigh^2
Weight,Abdomen,Knee^2
Weight,Abdomen,Ankle^2
Weight,Abdomen,Biceps^2
Weight,Abdomen,Forearm^2
Weight,Abdomen,Wrist^2
Weight,Hip,Thigh
Weight,Hip,Knee
Weight,Hip,Ankle
Weight,Hip,Biceps
Weight,Hip,Forearm
Weight,Hip,Wrist
Weight,Hip,log(Age)
Weight,Hip,log(Weight)
Weight,Hip,log(Height)
Weight,Hip,log(Neck)
Weight,Hip,log(Chest)
Weight,Hip,log(Abdomen)
Weight,Hip,log(Hip)
Weight,Hip,log(Thigh)
Weight,Hip,log(Knee)
Weight,Hip,log(Ankle)
Weight,Hip,log(Biceps)
Weight,Hip,log(Forearm)
Weight,Hip,log(Wrist)
Weight,Hip,sin(Age)
Weight,Hip,sin(Weight)
Weight,Hip,sin(Height)
Weight,Hip,sin(Neck)
Weight,Hip,sin(Chest)
Weight,Hip,sin(Abdomen)
Weight,Hip,sin(Hip)
Weight,Hip,sin(Thigh)
Weight,Hip,sin(Knee)
Weight,Hip,sin(Ankle)
Weight,Hip,sin(Biceps)
Weight,Hip,sin(Forearm)
Weight,Hip,sin(Wrist)
Weight,Hip,Age^2
Weight,Hip,Weight^2
Weight,Hip,Height^2
Weight,Hip,Neck^2
Weight,Hip,Chest^2
Weight,Hip,Abdomen^2
Weight,Hip,Hip^2
Weight,Hip,Thigh^2
Weight,Hip,Knee^2
Weight,Hip,Ankle^2
Weight,Hip,Biceps^2
Weight,Hip,Forearm^2
Weight,Hip,Wrist^2
Weight,Thigh,Knee
Weight,Thigh,Ankle
Weight,Thigh,Biceps
Weight,Thigh,Forearm
Weight,Thigh,Wrist
Weight,Thigh,log(Age)
Weight,Thigh,log(Weight)
Weight,Thigh,log(Height)
Weight,Thigh,log(Neck)
Weight,Thigh,log(Chest)
Weight,Thigh,log(Abdomen)
Weight,Thigh,log(Hip)
Weight,Thigh,log(Thigh)
Weight,Thigh,log(Knee)
Weight,Thigh,log(Ankle)
Weight,Thigh,log(Biceps)
Weight,Thigh,log(Forearm)
Weight,Thigh,log(Wrist)
Weight,Thigh,sin(Age)
Weight,Thigh,sin(Weight)
Weight,Thigh,sin(Height)
Weight,Thigh,sin(Neck)
Weight,Thigh,sin(Chest)
Weight,Thigh,sin(Abdomen)
Weight,Thigh,sin(Hip)
Weight,Thigh,sin(Thigh)
Weight,Thigh,sin(Knee)
Weight,Thigh,sin(Ankle)
Weight,Thigh,sin(Biceps)
Weight,Thigh,sin(Forearm)
Weight,Thigh,sin(Wrist)
Weight,Thigh,Age^2
Weight,Thigh,Weight^2
Weight,Thigh,Height^2
Weight,Thigh,Neck^2
Weight,Thigh,Chest^2
Weight,Thigh,Abdomen^2
Weight,Thigh,Hip^2
Weight,Thigh,Thigh^2
Weight,Thigh,Knee^2
Weight,Thigh,Ankle^2
Weight,Thigh,Biceps^2
Weight,Thigh,Forearm^2
Weight,Thigh,Wrist^2
Weight,Knee,Ankle
Weight,Knee,Biceps
Weight,Knee,Forearm
Weight,Knee,Wrist
Weight,Knee,log(Age)
Weight,Knee,log(Weight)
Weight,Knee,log(Height)
Weight,Knee,log(Neck)
Weight,Knee,log(Chest)
Weight,Knee,log(Abdomen)
Weight,Knee,log(Hip)
Weight,Knee,log(Thigh)
Weight,Knee,log(Knee)
Weight,Knee,log(Ankle)
Weight,Knee,log(Biceps)
Weight,Knee,log(Forearm)
Weight,Knee,log(Wrist)
Weight,Knee,sin(Age)
Weight,Knee,sin(Weight)
Weight,Knee,sin(Height)
Weight,Knee,sin(Neck)
Weight,Knee,sin(Chest)
Weight,Knee,sin(Abdomen)
Weight,Knee,sin(Hip)
Weight,Knee,sin(Thigh)
Weight,Knee,sin(Knee)
Weight,Knee,sin(Ankle)
Weight,Knee,sin(Biceps)
Weight,Knee,sin(Forearm)
Weight,Knee,sin(Wrist)
Weight,Knee,Age^2
Weight,Knee,Weight^2
Weight,Knee,Height^2
Weight,Knee,Neck^2
Weight,Knee,Chest^2
Weight,Knee,Abdomen^2
Weight,Knee,Hip^2
Weight,Knee,Thigh^2
Weight,Knee,Knee^2
Weight,Knee,Ankle^2
Weight,Knee,Biceps^2
Weight,Knee,Forearm^2
Weight,Knee,Wrist^2
Weight,Ankle,Biceps
Weight,Ankle,Forearm
Weight,Ankle,Wrist
Weight,Ankle,log(Age)
Weight,Ankle,log(Weight)
Weight,Ankle,log(Height)
Weight,Ankle,log(Neck)
Weight,Ankle,log(Chest)
Weight,Ankle,log(Abdomen)
Weight,Ankle,log(Hip)
Weight,Ankle,log(Thigh)
Weight,Ankle,log(Knee)
Weight,Ankle,log(Ankle)
Weight,Ankle,log(Biceps)
Weight,Ankle,log(Forearm)
Weight,Ankle,log(Wrist)
Weight,Ankle,sin(Age)
Weight,Ankle,sin(Weight)
Weight,Ankle,sin(Height)
Weight,Ankle,sin(Neck)
Weight,Ankle,sin(Chest)
Weight,Ankle,sin(Abdomen)
Weight,Ankle,sin(Hip)
Weight,Ankle,sin(Thigh)
Weight,Ankle,sin(Knee)
Weight,Ankle,sin(Ankle)
Weight,Ankle,sin(Biceps)
Weight,Ankle,sin(Forearm)
Weight,Ankle,sin(Wrist)
Weight,Ankle,Age^2
Weight,Ankle,Weight^2
Weight,Ankle,Height^2
Weight,Ankle,Neck^2
Weight,Ankle,Chest^2
Weight,Ankle,Abdomen^2
Weight,Ankle,Hip^2
Weight,Ankle,Thigh^2
Weight,Ankle,Knee^2
Weight,Ankle,Ankle^2
Weight,Ankle,Biceps^2
Weight,Ankle,Forearm^2
Weight,Ankle,Wrist^2
Weight,Biceps,Forearm
Weight,Biceps,Wrist
Weight,Biceps,log(Age)
Weight,Biceps,log(Weight)
Weight,Biceps,log(Height)
Weight,Biceps,log(Neck)
Weight,Biceps,log(Chest)
Weight,Biceps,log(Abdomen)
Weight,Biceps,log(Hip)
Weight,Biceps,log(Thigh)
Weight,Biceps,log(Knee)
Weight,Biceps,log(Ankle)
Weight,Biceps,log(Biceps)
Weight,Biceps,log(Forearm)
Weight,Biceps,log(Wrist)
Weight,Biceps,sin(Age)
Weight,Biceps,sin(Weight)
Weight,Biceps,sin(Height)
Weight,Biceps,sin(Neck)
Weight,Biceps,sin(Chest)
Weight,Biceps,sin(Abdomen)
Weight,Biceps,sin(Hip)
Weight,Biceps,sin(Thigh)
Weight,Biceps,sin(Knee)
Weight,Biceps,sin(Ankle)
Weight,Biceps,sin(Biceps)
Weight,Biceps,sin(Forearm)
Weight,Biceps,sin(Wrist)
Weight,Biceps,Age^2
Weight,Biceps,Weight^2
Weight,Biceps,Height^2
Weight,Biceps,Neck^2
Weight,Biceps,Chest^2
Weight,Biceps,Abdomen^2
Weight,Biceps,Hip^2
Weight,Biceps,Thigh^2
Weight,Biceps,Knee^2
Weight,Biceps,Ankle^2
Weight,Biceps,Biceps^2
Weight,Biceps,Forearm^2
Weight,Biceps,Wrist^2
Weight,Forearm,Wrist
Weight,Forearm,log(Age)
Weight,Forearm,log(Weight)
Weight,Forearm,log(Height)
Weight,Forearm,log(Neck)
Weight,Forearm,log(Chest)
Weight,Forearm,log(Abdomen)
Weight,Forearm,log(Hip)
Weight,Forearm,log(Thigh)
Weight,Forearm,log(Knee)
Weight,Forearm,log(Ankle)
Weight,Forearm,log(Biceps)
Weight,Forearm,log(Forearm)
Weight,Forearm,log(Wrist)
Weight,Forearm,sin(Age)
Weight,Forearm,sin(Weight)
Weight,Forearm,sin(Height)
Weight,Forearm,sin(Neck)
Weight,Forearm,sin(Chest)
Weight,Forearm,sin(Abdomen)
Weight,Forearm,sin(Hip)
Weight,Forearm,sin(Thigh)
Weight,Forearm,sin(Knee)
Weight,Forearm,sin(Ankle)
Weight,Forearm,sin(Biceps)
Weight,Forearm,sin(Forearm)
Weight,Forearm,sin(Wrist)
Weight,Forearm,Age^2
Weight,Forearm,Weight^2
Weight,Forearm,Height^2
Weight,Forearm,Neck^2
Weight,Forearm,Chest^2
Weight,Forearm,Abdomen^2
Weight,Forearm,Hip^2
Weight,Forearm,Thigh^2
Weight,Forearm,Knee^2
Weight,Forearm,Ankle^2
Weight,Forearm,Biceps^2
Weight,Forearm,Forearm^2
Weight,Forearm,Wrist^2
Weight,Wrist,log(Age)
Weight,Wrist,log(Weight)
Weight,Wrist,log(Height)
Weight,Wrist,log(Neck)
Weight,Wrist,log(Chest)
Weight,Wrist,log(Abdomen)
Weight,Wrist,log(Hip)
Weight,Wrist,log(Thigh)
Weight,Wrist,log(Knee)
Weight,Wrist,log(Ankle)
Weight,Wrist,log(Biceps)
Weight,Wrist,log(Forearm)
Weight,Wrist,log(Wrist)
Weight,Wrist,sin(Age)
Weight,Wrist,sin(Weight)
Weight,Wrist,sin(Height)
Weight,Wrist,sin(Neck)
Weight,Wrist,sin(Chest)
Weight,Wrist,sin(Abdomen)
Weight,Wrist,sin(Hip)
Weight,Wrist,sin(Thigh)
Weight,Wrist,sin(Knee)
Weight,Wrist,sin(Ankle)
Weight,Wrist,sin(Biceps)
Weight,Wrist,sin(Forearm)
Weight,Wrist,sin(Wrist)
Weight,Wrist,Age^2
Weight,Wrist,Weight^2
Weight,Wrist,Height^2
Weight,Wrist,Neck^2
Weight,Wrist,Chest^2
Weight,Wrist,Abdomen^2
Weight,Wrist,Hip^2
Weight,Wrist,Thigh^2
Weight,Wrist,Knee^2
Weight,Wrist,Ankle^2
Weight,Wrist,Biceps^2
Weight,Wrist,Forearm^2
Weight,Wrist,Wrist^2
Weight,log(Age),log(Weight)
Weight,log(Age),log(Height)
Weight,log(Age),log(Neck)
Weight,log(Age),log(Chest)
Weight,log(Age),log(Abdomen)
Weight,log(Age),log(Hip)
Weight,log(Age),log(Thigh)
Weight,log(Age),log(Knee)
Weight,log(Age),log(Ankle)
Weight,log(Age),log(Biceps)
Weight,log(Age),log(Forearm)
Weight,log(Age),log(Wrist)
Weight,log(Age),sin(Age)
Weight,log(Age),sin(Weight)
Weight,log(Age),sin(Height)
Weight,log(Age),sin(Neck)
Weight,log(Age),sin(Chest)
Weight,log(Age),sin(Abdomen)
Weight,log(Age),sin(Hip)
Weight,log(Age),sin(Thigh)
Weight,log(Age),sin(Knee)
Weight,log(Age),sin(Ankle)
Weight,log(Age),sin(Biceps)
Weight,log(Age),sin(Forearm)
Weight,log(Age),sin(Wrist)
Weight,log(Age),Age^2
Weight,log(Age),Weight^2
Weight,log(Age),Height^2
Weight,log(Age),Neck^2
Weight,log(Age),Chest^2
Weight,log(Age),Abdomen^2
Weight,log(Age),Hip^2
Weight,log(Age),Thigh^2
Weight,log(Age),Knee^2
Weight,log(Age),Ankle^2
Weight,log(Age),Biceps^2
Weight,log(Age),Forearm^2
Weight,log(Age),Wrist^2
Weight,log(Weight),log(Height)
Weight,log(Weight),log(Neck)
Weight,log(Weight),log(Chest)
Weight,log(Weight),log(Abdomen)
Weight,log(Weight),log(Hip)
Weight,log(Weight),log(Thigh)
Weight,log(Weight),log(Knee)
Weight,log(Weight),log(Ankle)
Weight,log(Weight),log(Biceps)
Weight,log(Weight),log(Forearm)
Weight,log(Weight),log(Wrist)
Weight,log(Weight),sin(Age)
Weight,log(Weight),sin(Weight)
Weight,log(Weight),sin(Height)
Weight,log(Weight),sin(Neck)
Weight,log(Weight),sin(Chest)
Weight,log(Weight),sin(Abdomen)
Weight,log(Weight),sin(Hip)
Weight,log(Weight),sin(Thigh)
Weight,log(Weight),sin(Knee)
Weight,log(Weight),sin(Ankle)
Weight,log(Weight),sin(Biceps)
Weight,log(Weight),sin(Forearm)
Weight,log(Weight),sin(Wrist)
Weight,log(Weight),Age^2
Weight,log(Weight),Weight^2
Weight,log(Weight),Height^2
Weight,log(Weight),Neck^2
Weight,log(Weight),Chest^2
Weight,log(Weight),Abdomen^2
Weight,log(Weight),Hip^2
Weight,log(Weight),Thigh^2
Weight,log(Weight),Knee^2
Weight,log(Weight),Ankle^2
Weight,log(Weight),Biceps^2
Weight,log(Weight),Forearm^2
Weight,log(Weight),Wrist^2
Weight,log(Height),log(Neck)
Weight,log(Height),log(Chest)
Weight,log(Height),log(Abdomen)
Weight,log(Height),log(Hip)
Weight,log(Height),log(Thigh)
Weight,log(Height),log(Knee)
Weight,log(Height),log(Ankle)
Weight,log(Height),log(Biceps)
Weight,log(Height),log(Forearm)
Weight,log(Height),log(Wrist)
Weight,log(Height),sin(Age)
Weight,log(Height),sin(Weight)
Weight,log(Height),sin(Height)
Weight,log(Height),sin(Neck)
Weight,log(Height),sin(Chest)
Weight,log(Height),sin(Abdomen)
Weight,log(Height),sin(Hip)
Weight,log(Height),sin(Thigh)
Weight,log(Height),sin(Knee)
Weight,log(Height),sin(Ankle)
Weight,log(Height),sin(Biceps)
Weight,log(Height),sin(Forearm)
Weight,log(Height),sin(Wrist)
Weight,log(Height),Age^2
Weight,log(Height),Weight^2
Weight,log(Height),Height^2
Weight,log(Height),Neck^2
Weight,log(Height),Chest^2
Weight,log(Height),Abdomen^2
Weight,log(Height),Hip^2
Weight,log(Height),Thigh^2
Weight,log(Height),Knee^2
Weight,log(Height),Ankle^2
Weight,log(Height),Biceps^2
Weight,log(Height),Forearm^2
Weight,log(Height),Wrist^2
Weight,log(Neck),log(Chest)
Weight,log(Neck),log(Abdomen)
Weight,log(Neck),log(Hip)
Weight,log(Neck),log(Thigh)
Weight,log(Neck),log(Knee)
Weight,log(Neck),log(Ankle)
Weight,log(Neck),log(Biceps)
Weight,log(Neck),log(Forearm)
Weight,log(Neck),log(Wrist)
Weight,log(Neck),sin(Age)
Weight,log(Neck),sin(Weight)
Weight,log(Neck),sin(Height)
Weight,log(Neck),sin(Neck)
Weight,log(Neck),sin(Chest)
Weight,log(Neck),sin(Abdomen)
Weight,log(Neck),sin(Hip)
Weight,log(Neck),sin(Thigh)
Weight,log(Neck),sin(Knee)
Weight,log(Neck),sin(Ankle)
Weight,log(Neck),sin(Biceps)
Weight,log(Neck),sin(Forearm)
Weight,log(Neck),sin(Wrist)
Weight,log(Neck),Age^2
Weight,log(Neck),Weight^2
Weight,log(Neck),Height^2
Weight,log(Neck),Neck^2
Weight,log(Neck),Chest^2
Weight,log(Neck),Abdomen^2
Weight,log(Neck),Hip^2
Weight,log(Neck),Thigh^2
Weight,log(Neck),Knee^2
Weight,log(Neck),Ankle^2
Weight,log(Neck),Biceps^2
Weight,log(Neck),Forearm^2
Weight,log(Neck),Wrist^2
Weight,log(Chest),log(Abdomen)
Weight,log(Chest),log(Hip)
Weight,log(Chest),log(Thigh)
Weight,log(Chest),log(Knee)
Weight,log(Chest),log(Ankle)
Weight,log(Chest),log(Biceps)
Weight,log(Chest),log(Forearm)
Weight,log(Chest),log(Wrist)
Weight,log(Chest),sin(Age)
Weight,log(Chest),sin(Weight)
Weight,log(Chest),sin(Height)
Weight,log(Chest),sin(Neck)
Weight,log(Chest),sin(Chest)
Weight,log(Chest),sin(Abdomen)
Weight,log(Chest),sin(Hip)
Weight,log(Chest),sin(Thigh)
Weight,log(Chest),sin(Knee)
Weight,log(Chest),sin(Ankle)
Weight,log(Chest),sin(Biceps)
Weight,log(Chest),sin(Forearm)
Weight,log(Chest),sin(Wrist)
Weight,log(Chest),Age^2
Weight,log(Chest),Weight^2
Weight,log(Chest),Height^2
Weight,log(Chest),Neck^2
Weight,log(Chest),Chest^2
Weight,log(Chest),Abdomen^2
Weight,log(Chest),Hip^2
Weight,log(Chest),Thigh^2
Weight,log(Chest),Knee^2
Weight,log(Chest),Ankle^2
Weight,log(Chest),Biceps^2
Weight,log(Chest),Forearm^2
Weight,log(Chest),Wrist^2
Weight,log(Abdomen),log(Hip)
Weight,log(Abdomen),log(Thigh)
Weight,log(Abdomen),log(Knee)
Weight,log(Abdomen),log(Ankle)
Weight,log(Abdomen),log(Biceps)
Weight,log(Abdomen),log(Forearm)
Weight,log(Abdomen),log(Wrist)
Weight,log(Abdomen),sin(Age)
Weight,log(Abdomen),sin(Weight)
Weight,log(Abdomen),sin(Height)
Weight,log(Abdomen),sin(Neck)
Weight,log(Abdomen),sin(Chest)
Weight,log(Abdomen),sin(Abdomen)
Weight,log(Abdomen),sin(Hip)
Weight,log(Abdomen),sin(Thigh)
Weight,log(Abdomen),sin(Knee)
Weight,log(Abdomen),sin(Ankle)
Weight,log(Abdomen),sin(Biceps)
Weight,log(Abdomen),sin(Forearm)
Weight,log(Abdomen),sin(Wrist)
Weight,log(Abdomen),Age^2
Weight,log(Abdomen),Weight^2
Weight,log(Abdomen),Height^2
Weight,log(Abdomen),Neck^2
Weight,log(Abdomen),Chest^2
Weight,log(Abdomen),Abdomen^2
Weight,log(Abdomen),Hip^2
Weight,log(Abdomen),Thigh^2
Weight,log(Abdomen),Knee^2
Weight,log(Abdomen),Ankle^2
Weight,log(Abdomen),Biceps^2
Weight,log(Abdomen),Forearm^2
Weight,log(Abdomen),Wrist^2
Weight,log(Hip),log(Thigh)
Weight,log(Hip),log(Knee)
Weight,log(Hip),log(Ankle)
Weight,log(Hip),log(Biceps)
Weight,log(Hip),log(Forearm)
Weight,log(Hip),log(Wrist)
Weight,log(Hip),sin(Age)
Weight,log(Hip),sin(Weight)
Weight,log(Hip),sin(Height)
Weight,log(Hip),sin(Neck)
Weight,log(Hip),sin(Chest)
Weight,log(Hip),sin(Abdomen)
Weight,log(Hip),sin(Hip)
Weight,log(Hip),sin(Thigh)
Weight,log(Hip),sin(Knee)
Weight,log(Hip),sin(Ankle)
Weight,log(Hip),sin(Biceps)
Weight,log(Hip),sin(Forearm)
Weight,log(Hip),sin(Wrist)
Weight,log(Hip),Age^2
Weight,log(Hip),Weight^2
Weight,log(Hip),Height^2
Weight,log(Hip),Neck^2
Weight,log(Hip),Chest^2
Weight,log(Hip),Abdomen^2
Weight,log(Hip),Hip^2
Weight,log(Hip),Thigh^2
Weight,log(Hip),Knee^2
Weight,log(Hip),Ankle^2
Weight,log(Hip),Biceps^2
Weight,log(Hip),Forearm^2
Weight,log(Hip),Wrist^2
Weight,log(Thigh),log(Knee)
Weight,log(Thigh),log(Ankle)
Weight,log(Thigh),log(Biceps)
Weight,log(Thigh),log(Forearm)
Weight,log(Thigh),log(Wrist)
Weight,log(Thigh),sin(Age)
Weight,log(Thigh),sin(Weight)
Weight,log(Thigh),sin(Height)
Weight,log(Thigh),sin(Neck)
Weight,log(Thigh),sin(Chest)
Weight,log(Thigh),sin(Abdomen)
Weight,log(Thigh),sin(Hip)
Weight,log(Thigh),sin(Thigh)
Weight,log(Thigh),sin(Knee)
Weight,log(Thigh),sin(Ankle)
Weight,log(Thigh),sin(Biceps)
Weight,log(Thigh),sin(Forearm)
Weight,log(Thigh),sin(Wrist)
Weight,log(Thigh),Age^2
Weight,log(Thigh),Weight^2
Weight,log(Thigh),Height^2
Weight,log(Thigh),Neck^2
Weight,log(Thigh),Chest^2
Weight,log(Thigh),Abdomen^2
Weight,log(Thigh),Hip^2
Weight,log(Thigh),Thigh^2
Weight,log(Thigh),Knee^2
Weight,log(Thigh),Ankle^2
Weight,log(Thigh),Biceps^2
Weight,log(Thigh),Forearm^2
Weight,log(Thigh),Wrist^2
Weight,log(Knee),log(Ankle)
Weight,log(Knee),log(Biceps)
Weight,log(Knee),log(Forearm)
Weight,log(Knee),log(Wrist)
Weight,log(Knee),sin(Age)
Weight,log(Knee),sin(Weight)
Weight,log(Knee),sin(Height)
Weight,log(Knee),sin(Neck)
Weight,log(Knee),sin(Chest)
Weight,log(Knee),sin(Abdomen)
Weight,log(Knee),sin(Hip)
Weight,log(Knee),sin(Thigh)
Weight,log(Knee),sin(Knee)
Weight,log(Knee),sin(Ankle)
Weight,log(Knee),sin(Biceps)
Weight,log(Knee),sin(Forearm)
Weight,log(Knee),sin(Wrist)
Weight,log(Knee),Age^2
Weight,log(Knee),Weight^2
Weight,log(Knee),Height^2
Weight,log(Knee),Neck^2
Weight,log(Knee),Chest^2
Weight,log(Knee),Abdomen^2
Weight,log(Knee),Hip^2
Weight,log(Knee),Thigh^2
Weight,log(Knee),Knee^2
Weight,log(Knee),Ankle^2
Weight,log(Knee),Biceps^2
Weight,log(Knee),Forearm^2
Weight,log(Knee),Wrist^2
Weight,log(Ankle),log(Biceps)
Weight,log(Ankle),log(Forearm)
Weight,log(Ankle),log(Wrist)
Weight,log(Ankle),sin(Age)
Weight,log(Ankle),sin(Weight)
Weight,log(Ankle),sin(Height)
Weight,log(Ankle),sin(Neck)
Weight,log(Ankle),sin(Chest)
Weight,log(Ankle),sin(Abdomen)
Weight,log(Ankle),sin(Hip)
Weight,log(Ankle),sin(Thigh)
Weight,log(Ankle),sin(Knee)
Weight,log(Ankle),sin(Ankle)
Weight,log(Ankle),sin(Biceps)
Weight,log(Ankle),sin(Forearm)
Weight,log(Ankle),sin(Wrist)
Weight,log(Ankle),Age^2
Weight,log(Ankle),Weight^2
Weight,log(Ankle),Height^2
Weight,log(Ankle),Neck^2
Weight,log(Ankle),Chest^2
Weight,log(Ankle),Abdomen^2
Weight,log(Ankle),Hip^2
Weight,log(Ankle),Thigh^2
Weight,log(Ankle),Knee^2
Weight,log(Ankle),Ankle^2
Weight,log(Ankle),Biceps^2
Weight,log(Ankle),Forearm^2
Weight,log(Ankle),Wrist^2
Weight,log(Biceps),log(Forearm)
Weight,log(Biceps),log(Wrist)
Weight,log(Biceps),sin(Age)
Weight,log(Biceps),sin(Weight)
Weight,log(Biceps),sin(Height)
Weight,log(Biceps),sin(Neck)
Weight,log(Biceps),sin(Chest)
Weight,log(Biceps),sin(Abdomen)
Weight,log(Biceps),sin(Hip)
Weight,log(Biceps),sin(Thigh)
Weight,log(Biceps),sin(Knee)
Weight,log(Biceps),sin(Ankle)
Weight,log(Biceps),sin(Biceps)
Weight,log(Biceps),sin(Forearm)
Weight,log(Biceps),sin(Wrist)
Weight,log(Biceps),Age^2
Weight,log(Biceps),Weight^2
Weight,log(Biceps),Height^2
Weight,log(Biceps),Neck^2
Weight,log(Biceps),Chest^2
Weight,log(Biceps),Abdomen^2
Weight,log(Biceps),Hip^2
Weight,log(Biceps),Thigh^2
Weight,log(Biceps),Knee^2
Weight,log(Biceps),Ankle^2
Weight,log(Biceps),Biceps^2
Weight,log(Biceps),Forearm^2
Weight,log(Biceps),Wrist^2
Weight,log(Forearm),log(Wrist)
Weight,log(Forearm),sin(Age)
Weight,log(Forearm),sin(Weight)
Weight,log(Forearm),sin(Height)
Weight,log(Forearm),sin(Neck)
Weight,log(Forearm),sin(Chest)
Weight,log(Forearm),sin(Abdomen)
Weight,log(Forearm),sin(Hip)
Weight,log(Forearm),sin(Thigh)
Weight,log(Forearm),sin(Knee)
Weight,log(Forearm),sin(Ankle)
Weight,log(Forearm),sin(Biceps)
Weight,log(Forearm),sin(Forearm)
Weight,log(Forearm),sin(Wrist)
Weight,log(Forearm),Age^2
Weight,log(Forearm),Weight^2
Weight,log(Forearm),Height^2
Weight,log(Forearm),Neck^2
Weight,log(Forearm),Chest^2
Weight,log(Forearm),Abdomen^2
Weight,log(Forearm),Hip^2
Weight,log(Forearm),Thigh^2
Weight,log(Forearm),Knee^2
Weight,log(Forearm),Ankle^2
Weight,log(Forearm),Biceps^2
Weight,log(Forearm),Forearm^2
Weight,log(Forearm),Wrist^2
Weight,log(Wrist),sin(Age)
Weight,log(Wrist),sin(Weight)
Weight,log(Wrist),sin(Height)
Weight,log(Wrist),sin(Neck)
Weight,log(Wrist),sin(Chest)
Weight,log(Wrist),sin(Abdomen)
Weight,log(Wrist),sin(Hip)
Weight,log(Wrist),sin(Thigh)
Weight,log(Wrist),sin(Knee)
Weight,log(Wrist),sin(Ankle)
Weight,log(Wrist),sin(Biceps)
Weight,log(Wrist),sin(Forearm)
Weight,log(Wrist),sin(Wrist)
Weight,log(Wrist),Age^2
Weight,log(Wrist),Weight^2
Weight,log(Wrist),Height^2
Weight,log(Wrist),Neck^2
Weight,log(Wrist),Chest^2
Weight,log(Wrist),Abdomen^2
Weight,log(Wrist),Hip^2
Weight,log(Wrist),Thigh^2
Weight,log(Wrist),Knee^2
Weight,log(Wrist),Ankle^2
Weight,log(Wrist),Biceps^2
Weight,log(Wrist),Forearm^2
Weight,log(Wrist),Wrist^2
Weight,sin(Age),sin(Weight)
Weight,sin(Age),sin(Height)
Weight,sin(Age),sin(Neck)
Weight,sin(Age),sin(Chest)
Weight,sin(Age),sin(Abdomen)
Weight,sin(Age),sin(Hip)
Weight,sin(Age),sin(Thigh)
Weight,sin(Age),sin(Knee)
Weight,sin(Age),sin(Ankle)
Weight,sin(Age),sin(Biceps)
Weight,sin(Age),sin(Forearm)
Weight,sin(Age),sin(Wrist)
Weight,sin(Age),Age^2
Weight,sin(Age),Weight^2
Weight,sin(Age),Height^2
Weight,sin(Age),Neck^2
Weight,sin(Age),Chest^2
Weight,sin(Age),Abdomen^2
Weight,sin(Age),Hip^2
Weight,sin(Age),Thigh^2
Weight,sin(Age),Knee^2
Weight,sin(Age),Ankle^2
Weight,sin(Age),Biceps^2
Weight,sin(Age),Forearm^2
Weight,sin(Age),Wrist^2
Weight,sin(Weight),sin(Height)
Weight,sin(Weight),sin(Neck)
Weight,sin(Weight),sin(Chest)
Weight,sin(Weight),sin(Abdomen)
Weight,sin(Weight),sin(Hip)
Weight,sin(Weight),sin(Thigh)
Weight,sin(Weight),sin(Knee)
Weight,sin(Weight),sin(Ankle)
Weight,sin(Weight),sin(Biceps)
Weight,sin(Weight),sin(Forearm)
Weight,sin(Weight),sin(Wrist)
Weight,sin(Weight),Age^2
Weight,sin(Weight),Weight^2
Weight,sin(Weight),Height^2
Weight,sin(Weight),Neck^2
Weight,sin(Weight),Chest^2
Weight,sin(Weight),Abdomen^2
Weight,sin(Weight),Hip^2
Weight,sin(Weight),Thigh^2
Weight,sin(Weight),Knee^2
Weight,sin(Weight),Ankle^2
Weight,sin(Weight),Biceps^2
Weight,sin(Weight),Forearm^2
Weight,sin(Weight),Wrist^2
Weight,sin(Height),sin(Neck)
Weight,sin(Height),sin(Chest)
Weight,sin(Height),sin(Abdomen)
Weight,sin(Height),sin(Hip)
Weight,sin(Height),sin(Thigh)
Weight,sin(Height),sin(Knee)
Weight,sin(Height),sin(Ankle)
Weight,sin(Height),sin(Biceps)
Weight,sin(Height),sin(Forearm)
Weight,sin(Height),sin(Wrist)
Weight,sin(Height),Age^2
Weight,sin(Height),Weight^2
Weight,sin(Height),Height^2
Weight,sin(Height),Neck^2
Weight,sin(Height),Chest^2
Weight,sin(Height),Abdomen^2
Weight,sin(Height),Hip^2
Weight,sin(Height),Thigh^2
Weight,sin(Height),Knee^2
Weight,sin(Height),Ankle^2
Weight,sin(Height),Biceps^2
Weight,sin(Height),Forearm^2
Weight,sin(Height),Wrist^2
Weight,sin(Neck),sin(Chest)
Weight,sin(Neck),sin(Abdomen)
Weight,sin(Neck),sin(Hip)
Weight,sin(Neck),sin(Thigh)
Weight,sin(Neck),sin(Knee)
Weight,sin(Neck),sin(Ankle)
Weight,sin(Neck),sin(Biceps)
Weight,sin(Neck),sin(Forearm)
Weight,sin(Neck),sin(Wrist)
Weight,sin(Neck),Age^2
Weight,sin(Neck),Weight^2
Weight,sin(Neck),Height^2
Weight,sin(Neck),Neck^2
Weight,sin(Neck),Chest^2
Weight,sin(Neck),Abdomen^2
Weight,sin(Neck),Hip^2
Weight,sin(Neck),Thigh^2
Weight,sin(Neck),Knee^2
Weight,sin(Neck),Ankle^2
Weight,sin(Neck),Biceps^2
Weight,sin(Neck),Forearm^2
Weight,sin(Neck),Wrist^2
Weight,sin(Chest),sin(Abdomen)
Weight,sin(Chest),sin(Hip)
Weight,sin(Chest),sin(Thigh)
Weight,sin(Chest),sin(Knee)
Weight,sin(Chest),sin(Ankle)
Weight,sin(Chest),sin(Biceps)
Weight,sin(Chest),sin(Forearm)
Weight,sin(Chest),sin(Wrist)
Weight,sin(Chest),Age^2
Weight,sin(Chest),Weight^2
Weight,sin(Chest),Height^2
Weight,sin(Chest),Neck^2
Weight,sin(Chest),Chest^2
Weight,sin(Chest),Abdomen^2
Weight,sin(Chest),Hip^2
Weight,sin(Chest),Thigh^2
Weight,sin(Chest),Knee^2
Weight,sin(Chest),Ankle^2
Weight,sin(Chest),Biceps^2
Weight,sin(Chest),Forearm^2
Weight,sin(Chest),Wrist^2
Weight,sin(Abdomen),sin(Hip)
Weight,sin(Abdomen),sin(Thigh)
Weight,sin(Abdomen),sin(Knee)
Weight,sin(Abdomen),sin(Ankle)
Weight,sin(Abdomen),sin(Biceps)
Weight,sin(Abdomen),sin(Forearm)
Weight,sin(Abdomen),sin(Wrist)
Weight,sin(Abdomen),Age^2
Weight,sin(Abdomen),Weight^2
Weight,sin(Abdomen),Height^2
Weight,sin(Abdomen),Neck^2
Weight,sin(Abdomen),Chest^2
Weight,sin(Abdomen),Abdomen^2
Weight,sin(Abdomen),Hip^2
Weight,sin(Abdomen),Thigh^2
Weight,sin(Abdomen),Knee^2
Weight,sin(Abdomen),Ankle^2
Weight,sin(Abdomen),Biceps^2
Weight,sin(Abdomen),Forearm^2
Weight,sin(Abdomen),Wrist^2
Weight,sin(Hip),sin(Thigh)
Weight,sin(Hip),sin(Knee)
Weight,sin(Hip),sin(Ankle)
Weight,sin(Hip),sin(Biceps)
Weight,sin(Hip),sin(Forearm)
Weight,sin(Hip),sin(Wrist)
Weight,sin(Hip),Age^2
Weight,sin(Hip),Weight^2
Weight,sin(Hip),Height^2
Weight,sin(Hip),Neck^2
Weight,sin(Hip),Chest^2
Weight,sin(Hip),Abdomen^2
Weight,sin(Hip),Hip^2
Weight,sin(Hip),Thigh^2
Weight,sin(Hip),Knee^2
Weight,sin(Hip),Ankle^2
Weight,sin(Hip),Biceps^2
Weight,sin(Hip),Forearm^2
Weight,sin(Hip),Wrist^2
Weight,sin(Thigh),sin(Knee)
Weight,sin(Thigh),sin(Ankle)
Weight,sin(Thigh),sin(Biceps)
Weight,sin(Thigh),sin(Forearm)
Weight,sin(Thigh),sin(Wrist)
Weight,sin(Thigh),Age^2
Weight,sin(Thigh),Weight^2
Weight,sin(Thigh),Height^2
Weight,sin(Thigh),Neck^2
Weight,sin(Thigh),Chest^2
Weight,sin(Thigh),Abdomen^2
Weight,sin(Thigh),Hip^2
Weight,sin(Thigh),Thigh^2
Weight,sin(Thigh),Knee^2
Weight,sin(Thigh),Ankle^2
Weight,sin(Thigh),Biceps^2
Weight,sin(Thigh),Forearm^2
Weight,sin(Thigh),Wrist^2
Weight,sin(Knee),sin(Ankle)
Weight,sin(Knee),sin(Biceps)
Weight,sin(Knee),sin(Forearm)
Weight,sin(Knee),sin(Wrist)
Weight,sin(Knee),Age^2
Weight,sin(Knee),Weight^2
Weight,sin(Knee),Height^2
Weight,sin(Knee),Neck^2
Weight,sin(Knee),Chest^2
Weight,sin(Knee),Abdomen^2
Weight,sin(Knee),Hip^2
Weight,sin(Knee),Thigh^2
Weight,sin(Knee),Knee^2
Weight,sin(Knee),Ankle^2
Weight,sin(Knee),Biceps^2
Weight,sin(Knee),Forearm^2
Weight,sin(Knee),Wrist^2
Weight,sin(Ankle),sin(Biceps)
Weight,sin(Ankle),sin(Forearm)
Weight,sin(Ankle),sin(Wrist)
Weight,sin(Ankle),Age^2
Weight,sin(Ankle),Weight^2
Weight,sin(Ankle),Height^2
Weight,sin(Ankle),Neck^2
Weight,sin(Ankle),Chest^2
Weight,sin(Ankle),Abdomen^2
Weight,sin(Ankle),Hip^2
Weight,sin(Ankle),Thigh^2
Weight,sin(Ankle),Knee^2
Weight,sin(Ankle),Ankle^2
Weight,sin(Ankle),Biceps^2
Weight,sin(Ankle),Forearm^2
Weight,sin(Ankle),Wrist^2
Weight,sin(Biceps),sin(Forearm)
Weight,sin(Biceps),sin(Wrist)
Weight,sin(Biceps),Age^2
Weight,sin(Biceps),Weight^2
Weight,sin(Biceps),Height^2
Weight,sin(Biceps),Neck^2
Weight,sin(Biceps),Chest^2
Weight,sin(Biceps),Abdomen^2
Weight,sin(Biceps),Hip^2
Weight,sin(Biceps),Thigh^2
Weight,sin(Biceps),Knee^2
Weight,sin(Biceps),Ankle^2
Weight,sin(Biceps),Biceps^2
Weight,sin(Biceps),Forearm^2
Weight,sin(Biceps),Wrist^2
Weight,sin(Forearm),sin(Wrist)
Weight,sin(Forearm),Age^2
Weight,sin(Forearm),Weight^2
Weight,sin(Forearm),Height^2
Weight,sin(Forearm),Neck^2
Weight,sin(Forearm),Chest^2
Weight,sin(Forearm),Abdomen^2
Weight,sin(Forearm),Hip^2
Weight,sin(Forearm),Thigh^2
Weight,sin(Forearm),Knee^2
Weight,sin(Forearm),Ankle^2
Weight,sin(Forearm),Biceps^2
Weight,sin(Forearm),Forearm^2
Weight,sin(Forearm),Wrist^2
Weight,sin(Wrist),Age^2
Weight,sin(Wrist),Weight^2
Weight,sin(Wrist),Height^2
Weight,sin(Wrist),Neck^2
Weight,sin(Wrist),Chest^2
Weight,sin(Wrist),Abdomen^2
Weight,sin(Wrist),Hip^2
Weight,sin(Wrist),Thigh^2
Weight,sin(Wrist),Knee^2
Weight,sin(Wrist),Ankle^2
Weight,sin(Wrist),Biceps^2
Weight,sin(Wrist),Forearm^2
Weight,sin(Wrist),Wrist^2
Weight,Age^2,Weight^2
Weight,Age^2,Height^2
Weight,Age^2,Neck^2
Weight,Age^2,Chest^2
Weight,Age^2,Abdomen^2
Weight,Age^2,Hip^2
Weight,Age^2,Thigh^2
Weight,Age^2,Knee^2
Weight,Age^2,Ankle^2
Weight,Age^2,Biceps^2
Weight,Age^2,Forearm^2
Weight,Age^2,Wrist^2
Weight,Weight^2,Height^2
Weight,Weight^2,Neck^2
Weight,Weight^2,Chest^2
Weight,Weight^2,Abdomen^2
Weight,Weight^2,Hip^2
Weight,Weight^2,Thigh^2
Weight,Weight^2,Knee^2
Weight,Weight^2,Ankle^2
Weight,Weight^2,Biceps^2
Weight,Weight^2,Forearm^2
Weight,Weight^2,Wrist^2
Weight,Height^2,Neck^2
Weight,Height^2,Chest^2
Weight,Height^2,Abdomen^2
Weight,Height^2,Hip^2
Weight,Height^2,Thigh^2
Weight,Height^2,Knee^2
Weight,Height^2,Ankle^2
Weight,Height^2,Biceps^2
Weight,Height^2,Forearm^2
Weight,Height^2,Wrist^2
Weight,Neck^2,Chest^2
Weight,Neck^2,Abdomen^2
Weight,Neck^2,Hip^2
Weight,Neck^2,Thigh^2
Weight,Neck^2,Knee^2
Weight,Neck^2,Ankle^2
Weight,Neck^2,Biceps^2
Weight,Neck^2,Forearm^2
Weight,Neck^2,Wrist^2
Weight,Chest^2,Abdomen^2
Weight,Chest^2,Hip^2
Weight,Chest^2,Thigh^2
Weight,Chest^2,Knee^2
Weight,Chest^2,Ankle^2
Weight,Chest^2,Biceps^2
Weight,Chest^2,Forearm^2
Weight,Chest^2,Wrist^2
Weight,Abdomen^2,Hip^2
Weight,Abdomen^2,Thigh^2
Weight,Abdomen^2,Knee^2
Weight,Abdomen^2,Ankle^2
Weight,Abdomen^2,Biceps^2
Weight,Abdomen^2,Forearm^2
Weight,Abdomen^2,Wrist^2
Weight,Hip^2,Thigh^2
Weight,Hip^2,Knee^2
Weight,Hip^2,Ankle^2
Weight,Hip^2,Biceps^2
Weight,Hip^2,Forearm^2
Weight,Hip^2,Wrist^2
Weight,Thigh^2,Knee^2
Weight,Thigh^2,Ankle^2
Weight,Thigh^2,Biceps^2
Weight,Thigh^2,Forearm^2
Weight,Thigh^2,Wrist^2
Weight,Knee^2,Ankle^2
Weight,Knee^2,Biceps^2
Weight,Knee^2,Forearm^2
Weight,Knee^2,Wrist^2
Weight,Ankle^2,Biceps^2
Weight,Ankle^2,Forearm^2
Weight,Ankle^2,Wrist^2
Weight,Biceps^2,Forearm^2
Weight,Biceps^2,Wrist^2
Weight,Forearm^2,Wrist^2
Height,Neck,Chest
Height,Neck,Abdomen
Height,Neck,Hip
Height,Neck,Thigh
Height,Neck,Knee
Height,Neck,Ankle
Height,Neck,Biceps
Height,Neck,Forearm
Height,Neck,Wrist
Height,Neck,log(Age)
Height,Neck,log(Weight)
Height,Neck,log(Height)
Height,Neck,log(Neck)
Height,Neck,log(Chest)
Height,Neck,log(Abdomen)
Height,Neck,log(Hip)
Height,Neck,log(Thigh)
Height,Neck,log(Knee)
Height,Neck,log(Ankle)
Height,Neck,log(Biceps)
Height,Neck,log(Forearm)
Height,Neck,log(Wrist)
Height,Neck,sin(Age)
Height,Neck,sin(Weight)
Height,Neck,sin(Height)
Height,Neck,sin(Neck)
Height,Neck,sin(Chest)
Height,Neck,sin(Abdomen)
Height,Neck,sin(Hip)
Height,Neck,sin(Thigh)
Height,Neck,sin(Knee)
Height,Neck,sin(Ankle)
Height,Neck,sin(Biceps)
Height,Neck,sin(Forearm)
Height,Neck,sin(Wrist)
Height,Neck,Age^2
Height,Neck,Weight^2
Height,Neck,Height^2
Height,Neck,Neck^2
Height,Neck,Chest^2
Height,Neck,Abdomen^2
Height,Neck,Hip^2
Height,Neck,Thigh^2
Height,Neck,Knee^2
Height,Neck,Ankle^2
Height,Neck,Biceps^2
Height,Neck,Forearm^2
Height,Neck,Wrist^2
Height,Chest,Abdomen
Height,Chest,Hip
Height,Chest,Thigh
Height,Chest,Knee
Height,Chest,Ankle
Height,Chest,Biceps
Height,Chest,Forearm
Height,Chest,Wrist
Height,Chest,log(Age)
Height,Chest,log(Weight)
Height,Chest,log(Height)
Height,Chest,log(Neck)
Height,Chest,log(Chest)
Height,Chest,log(Abdomen)
Height,Chest,log(Hip)
Height,Chest,log(Thigh)
Height,Chest,log(Knee)
Height,Chest,log(Ankle)
Height,Chest,log(Biceps)
Height,Chest,log(Forearm)
Height,Chest,log(Wrist)
Height,Chest,sin(Age)
Height,Chest,sin(Weight)
Height,Chest,sin(Height)
Height,Chest,sin(Neck)
Height,Chest,sin(Chest)
Height,Chest,sin(Abdomen)
Height,Chest,sin(Hip)
Height,Chest,sin(Thigh)
Height,Chest,sin(Knee)
Height,Chest,sin(Ankle)
Height,Chest,sin(Biceps)
Height,Chest,sin(Forearm)
Height,Chest,sin(Wrist)
Height,Chest,Age^2
Height,Chest,Weight^2
Height,Chest,Height^2
Height,Chest,Neck^2
Height,Chest,Chest^2
Height,Chest,Abdomen^2
Height,Chest,Hip^2
Height,Chest,Thigh^2
Height,Chest,Knee^2
Height,Chest,Ankle^2
Height,Chest,Biceps^2
Height,Chest,Forearm^2
Height,Chest,Wrist^2
Height,Abdomen,Hip
Height,Abdomen,Thigh
Height,Abdomen,Knee
Height,Abdomen,Ankle
Height,Abdomen,Biceps
Height,Abdomen,Forearm
Height,Abdomen,Wrist
Height,Abdomen,log(Age)
Height,Abdomen,log(Weight)
Height,Abdomen,log(Height)
Height,Abdomen,log(Neck)
Height,Abdomen,log(Chest)
Height,Abdomen,log(Abdomen)
Height,Abdomen,log(Hip)
Height,Abdomen,log(Thigh)
Height,Abdomen,log(Knee)
Height,Abdomen,log(Ankle)
Height,Abdomen,log(Biceps)
Height,Abdomen,log(Forearm)
Height,Abdomen,log(Wrist)
Height,Abdomen,sin(Age)
Height,Abdomen,sin(Weight)
Height,Abdomen,sin(Height)
Height,Abdomen,sin(Neck)
Height,Abdomen,sin(Chest)
Height,Abdomen,sin(Abdomen)
Height,Abdomen,sin(Hip)
Height,Abdomen,sin(Thigh)
Height,Abdomen,sin(Knee)
Height,Abdomen,sin(Ankle)
Height,Abdomen,sin(Biceps)
Height,Abdomen,sin(Forearm)
Height,Abdomen,sin(Wrist)
Height,Abdomen,Age^2
Height,Abdomen,Weight^2
Height,Abdomen,Height^2
Height,Abdomen,Neck^2
Height,Abdomen,Chest^2
Height,Abdomen,Abdomen^2
Height,Abdomen,Hip^2
Height,Abdomen,Thigh^2
Height,Abdomen,Knee^2
Height,Abdomen,Ankle^2
Height,Abdomen,Biceps^2
Height,Abdomen,Forearm^2
Height,Abdomen,Wrist^2
Height,Hip,Thigh
Height,Hip,Knee
Height,Hip,Ankle
Height,Hip,Biceps
Height,Hip,Forearm
Height,Hip,Wrist
Height,Hip,log(Age)
Height,Hip,log(Weight)
Height,Hip,log(Height)
Height,Hip,log(Neck)
Height,Hip,log(Chest)
Height,Hip,log(Abdomen)
Height,Hip,log(Hip)
Height,Hip,log(Thigh)
Height,Hip,log(Knee)
Height,Hip,log(Ankle)
Height,Hip,log(Biceps)
Height,Hip,log(Forearm)
Height,Hip,log(Wrist)
Height,Hip,sin(Age)
Height,Hip,sin(Weight)
Height,Hip,sin(Height)
Height,Hip,sin(Neck)
Height,Hip,sin(Chest)
Height,Hip,sin(Abdomen)
Height,Hip,sin(Hip)
Height,Hip,sin(Thigh)
Height,Hip,sin(Knee)
Height,Hip,sin(Ankle)
Height,Hip,sin(Biceps)
Height,Hip,sin(Forearm)
Height,Hip,sin(Wrist)
Height,Hip,Age^2
Height,Hip,Weight^2
Height,Hip,Height^2
Height,Hip,Neck^2
Height,Hip,Chest^2
Height,Hip,Abdomen^2
Height,Hip,Hip^2
Height,Hip,Thigh^2
Height,Hip,Knee^2
Height,Hip,Ankle^2
Height,Hip,Biceps^2
Height,Hip,Forearm^2
Height,Hip,Wrist^2
Height,Thigh,Knee
Height,Thigh,Ankle
Height,Thigh,Biceps
Height,Thigh,Forearm
Height,Thigh,Wrist
Height,Thigh,log(Age)
Height,Thigh,log(Weight)
Height,Thigh,log(Height)
Height,Thigh,log(Neck)
Height,Thigh,log(Chest)
Height,Thigh,log(Abdomen)
Height,Thigh,log(Hip)
Height,Thigh,log(Thigh)
Height,Thigh,log(Knee)
Height,Thigh,log(Ankle)
Height,Thigh,log(Biceps)
Height,Thigh,log(Forearm)
Height,Thigh,log(Wrist)
Height,Thigh,sin(Age)
Height,Thigh,sin(Weight)
Height,Thigh,sin(Height)
Height,Thigh,sin(Neck)
Height,Thigh,sin(Chest)
Height,Thigh,sin(Abdomen)
Height,Thigh,sin(Hip)
Height,Thigh,sin(Thigh)
Height,Thigh,sin(Knee)
Height,Thigh,sin(Ankle)
Height,Thigh,sin(Biceps)
Height,Thigh,sin(Forearm)
Height,Thigh,sin(Wrist)
Height,Thigh,Age^2
Height,Thigh,Weight^2
Height,Thigh,Height^2
Height,Thigh,Neck^2
Height,Thigh,Chest^2
Height,Thigh,Abdomen^2
Height,Thigh,Hip^2
Height,Thigh,Thigh^2
Height,Thigh,Knee^2
Height,Thigh,Ankle^2
Height,Thigh,Biceps^2
Height,Thigh,Forearm^2
Height,Thigh,Wrist^2
Height,Knee,Ankle
Height,Knee,Biceps
Height,Knee,Forearm
Height,Knee,Wrist
Height,Knee,log(Age)
Height,Knee,log(Weight)
Height,Knee,log(Height)
Height,Knee,log(Neck)
Height,Knee,log(Chest)
Height,Knee,log(Abdomen)
Height,Knee,log(Hip)
Height,Knee,log(Thigh)
Height,Knee,log(Knee)
Height,Knee,log(Ankle)
Height,Knee,log(Biceps)
Height,Knee,log(Forearm)
Height,Knee,log(Wrist)
Height,Knee,sin(Age)
Height,Knee,sin(Weight)
Height,Knee,sin(Height)
Height,Knee,sin(Neck)
Height,Knee,sin(Chest)
Height,Knee,sin(Abdomen)
Height,Knee,sin(Hip)
Height,Knee,sin(Thigh)
Height,Knee,sin(Knee)
Height,Knee,sin(Ankle)
Height,Knee,sin(Biceps)
Height,Knee,sin(Forearm)
Height,Knee,sin(Wrist)
Height,Knee,Age^2
Height,Knee,Weight^2
Height,Knee,Height^2
Height,Knee,Neck^2
Height,Knee,Chest^2
Height,Knee,Abdomen^2
Height,Knee,Hip^2
Height,Knee,Thigh^2
Height,Knee,Knee^2
Height,Knee,Ankle^2
Height,Knee,Biceps^2
Height,Knee,Forearm^2
Height,Knee,Wrist^2
Height,Ankle,Biceps
Height,Ankle,Forearm
Height,Ankle,Wrist
Height,Ankle,log(Age)
Height,Ankle,log(Weight)
Height,Ankle,log(Height)
Height,Ankle,log(Neck)
Height,Ankle,log(Chest)
Height,Ankle,log(Abdomen)
Height,Ankle,log(Hip)
Height,Ankle,log(Thigh)
Height,Ankle,log(Knee)
Height,Ankle,log(Ankle)
Height,Ankle,log(Biceps)
Height,Ankle,log(Forearm)
Height,Ankle,log(Wrist)
Height,Ankle,sin(Age)
Height,Ankle,sin(Weight)
Height,Ankle,sin(Height)
Height,Ankle,sin(Neck)
Height,Ankle,sin(Chest)
Height,Ankle,sin(Abdomen)
Height,Ankle,sin(Hip)
Height,Ankle,sin(Thigh)
Height,Ankle,sin(Knee)
Height,Ankle,sin(Ankle)
Height,Ankle,sin(Biceps)
Height,Ankle,sin(Forearm)
Height,Ankle,sin(Wrist)
Height,Ankle,Age^2
Height,Ankle,Weight^2
Height,Ankle,Height^2
Height,Ankle,Neck^2
Height,Ankle,Chest^2
Height,Ankle,Abdomen^2
Height,Ankle,Hip^2
Height,Ankle,Thigh^2
Height,Ankle,Knee^2
Height,Ankle,Ankle^2
Height,Ankle,Biceps^2
Height,Ankle,Forearm^2
Height,Ankle,Wrist^2
Height,Biceps,Forearm
Height,Biceps,Wrist
Height,Biceps,log(Age)
Height,Biceps,log(Weight)
Height,Biceps,log(Height)
Height,Biceps,log(Neck)
Height,Biceps,log(Chest)
Height,Biceps,log(Abdomen)
Height,Biceps,log(Hip)
Height,Biceps,log(Thigh)
Height,Biceps,log(Knee)
Height,Biceps,log(Ankle)
Height,Biceps,log(Biceps)
Height,Biceps,log(Forearm)
Height,Biceps,log(Wrist)
Height,Biceps,sin(Age)
Height,Biceps,sin(Weight)
Height,Biceps,sin(Height)
Height,Biceps,sin(Neck)
Height,Biceps,sin(Chest)
Height,Biceps,sin(Abdomen)
Height,Biceps,sin(Hip)
Height,Biceps,sin(Thigh)
Height,Biceps,sin(Knee)
Height,Biceps,sin(Ankle)
Height,Biceps,sin(Biceps)
Height,Biceps,sin(Forearm)
Height,Biceps,sin(Wrist)
Height,Biceps,Age^2
Height,Biceps,Weight^2
Height,Biceps,Height^2
Height,Biceps,Neck^2
Height,Biceps,Chest^2
Height,Biceps,Abdomen^2
Height,Biceps,Hip^2
Height,Biceps,Thigh^2
Height,Biceps,Knee^2
Height,Biceps,Ankle^2
Height,Biceps,Biceps^2
Height,Biceps,Forearm^2
Height,Biceps,Wrist^2
Height,Forearm,Wrist
Height,Forearm,log(Age)
Height,Forearm,log(Weight)
Height,Forearm,log(Height)
Height,Forearm,log(Neck)
Height,Forearm,log(Chest)
Height,Forearm,log(Abdomen)
Height,Forearm,log(Hip)
Height,Forearm,log(Thigh)
Height,Forearm,log(Knee)
Height,Forearm,log(Ankle)
Height,Forearm,log(Biceps)
Height,Forearm,log(Forearm)
Height,Forearm,log(Wrist)
Height,Forearm,sin(Age)
Height,Forearm,sin(Weight)
Height,Forearm,sin(Height)
Height,Forearm,sin(Neck)
Height,Forearm,sin(Chest)
Height,Forearm,sin(Abdomen)
Height,Forearm,sin(Hip)
Height,Forearm,sin(Thigh)
Height,Forearm,sin(Knee)
Height,Forearm,sin(Ankle)
Height,Forearm,sin(Biceps)
Height,Forearm,sin(Forearm)
Height,Forearm,sin(Wrist)
Height,Forearm,Age^2
Height,Forearm,Weight^2
Height,Forearm,Height^2
Height,Forearm,Neck^2
Height,Forearm,Chest^2
Height,Forearm,Abdomen^2
Height,Forearm,Hip^2
Height,Forearm,Thigh^2
Height,Forearm,Knee^2
Height,Forearm,Ankle^2
Height,Forearm,Biceps^2
Height,Forearm,Forearm^2
Height,Forearm,Wrist^2
Height,Wrist,log(Age)
Height,Wrist,log(Weight)
Height,Wrist,log(Height)
Height,Wrist,log(Neck)
Height,Wrist,log(Chest)
Height,Wrist,log(Abdomen)
Height,Wrist,log(Hip)
Height,Wrist,log(Thigh)
Height,Wrist,log(Knee)
Height,Wrist,log(Ankle)
Height,Wrist,log(Biceps)
Height,Wrist,log(Forearm)
Height,Wrist,log(Wrist)
Height,Wrist,sin(Age)
Height,Wrist,sin(Weight)
Height,Wrist,sin(Height)
Height,Wrist,sin(Neck)
Height,Wrist,sin(Chest)
Height,Wrist,sin(Abdomen)
Height,Wrist,sin(Hip)
Height,Wrist,sin(Thigh)
Height,Wrist,sin(Knee)
Height,Wrist,sin(Ankle)
Height,Wrist,sin(Biceps)
Height,Wrist,sin(Forearm)
Height,Wrist,sin(Wrist)
Height,Wrist,Age^2
Height,Wrist,Weight^2
Height,Wrist,Height^2
Height,Wrist,Neck^2
Height,Wrist,Chest^2
Height,Wrist,Abdomen^2
Height,Wrist,Hip^2
Height,Wrist,Thigh^2
Height,Wrist,Knee^2
Height,Wrist,Ankle^2
Height,Wrist,Biceps^2
Height,Wrist,Forearm^2
Height,Wrist,Wrist^2
Height,log(Age),log(Weight)
Height,log(Age),log(Height)
Height,log(Age),log(Neck)
Height,log(Age),log(Chest)
Height,log(Age),log(Abdomen)
Height,log(Age),log(Hip)
Height,log(Age),log(Thigh)
Height,log(Age),log(Knee)
Height,log(Age),log(Ankle)
Height,log(Age),log(Biceps)
Height,log(Age),log(Forearm)
Height,log(Age),log(Wrist)
Height,log(Age),sin(Age)
Height,log(Age),sin(Weight)
Height,log(Age),sin(Height)
Height,log(Age),sin(Neck)
Height,log(Age),sin(Chest)
Height,log(Age),sin(Abdomen)
Height,log(Age),sin(Hip)
Height,log(Age),sin(Thigh)
Height,log(Age),sin(Knee)
Height,log(Age),sin(Ankle)
Height,log(Age),sin(Biceps)
Height,log(Age),sin(Forearm)
Height,log(Age),sin(Wrist)
Height,log(Age),Age^2
Height,log(Age),Weight^2
Height,log(Age),Height^2
Height,log(Age),Neck^2
Height,log(Age),Chest^2
Height,log(Age),Abdomen^2
Height,log(Age),Hip^2
Height,log(Age),Thigh^2
Height,log(Age),Knee^2
Height,log(Age),Ankle^2
Height,log(Age),Biceps^2
Height,log(Age),Forearm^2
Height,log(Age),Wrist^2
Height,log(Weight),log(Height)
Height,log(Weight),log(Neck)
Height,log(Weight),log(Chest)
Height,log(Weight),log(Abdomen)
Height,log(Weight),log(Hip)
Height,log(Weight),log(Thigh)
Height,log(Weight),log(Knee)
Height,log(Weight),log(Ankle)
Height,log(Weight),log(Biceps)
Height,log(Weight),log(Forearm)
Height,log(Weight),log(Wrist)
Height,log(Weight),sin(Age)
Height,log(Weight),sin(Weight)
Height,log(Weight),sin(Height)
Height,log(Weight),sin(Neck)
Height,log(Weight),sin(Chest)
Height,log(Weight),sin(Abdomen)
Height,log(Weight),sin(Hip)
Height,log(Weight),sin(Thigh)
Height,log(Weight),sin(Knee)
Height,log(Weight),sin(Ankle)
Height,log(Weight),sin(Biceps)
Height,log(Weight),sin(Forearm)
Height,log(Weight),sin(Wrist)
Height,log(Weight),Age^2
Height,log(Weight),Weight^2
Height,log(Weight),Height^2
